county,year,sex,age_band,population
Baringo,2021,f,00,10038.0
Baringo,2021,f,01,39358.0
Baringo,2021,f,05,49776.0
Baringo,2021,f,10,49341.0
Baringo,2021,f,15,41075.0
Baringo,2021,f,20,31260.0
Baringo,2021,f,25,24141.0
Baringo,2021,f,30,19461.0
Baringo,2021,f,35,15458.0
Baringo,2021,f,40,12729.0
Baringo,2021,f,45,11740.0
Baringo,2021,f,50,9712.0
Baringo,2021,f,55,7023.0
Baringo,2021,f,60,5379.0
Baringo,2021,f,65,3830.0
Baringo,2021,f,70,2699.0
Baringo,2021,f,75,1692.0
Baringo,2021,f,80,1136.0
Baringo,2021,f,85,706.0
Baringo,2021,f,90,544.0
Baringo,2021,m,00,10534.0
Baringo,2021,m,01,41273.0
Baringo,2021,m,05,52137.0
Baringo,2021,m,10,51669.0
Baringo,2021,m,15,43428.0
Baringo,2021,m,20,32408.0
Baringo,2021,m,25,23794.0
Baringo,2021,m,30,20144.0
Baringo,2021,m,35,16173.0
Baringo,2021,m,40,12928.0
Baringo,2021,m,45,11114.0
Baringo,2021,m,50,8697.0
Baringo,2021,m,55,6676.0
Baringo,2021,m,60,5173.0
Baringo,2021,m,65,3480.0
Baringo,2021,m,70,2591.0
Baringo,2021,m,75,1299.0
Baringo,2021,m,80,647.0
Baringo,2021,m,85,352.0
Baringo,2021,m,90,230.0
Bomet,2021,f,00,12217.0
Bomet,2021,f,01,47901.0
Bomet,2021,f,05,63416.0
Bomet,2021,f,10,67772.0
Bomet,2021,f,15,59608.0
Bomet,2021,f,20,44511.0
Bomet,2021,f,25,36312.0
Bomet,2021,f,30,33721.0
Bomet,2021,f,35,20130.0
Bomet,2021,f,40,19344.0
Bomet,2021,f,45,18213.0
Bomet,2021,f,50,11672.0
Bomet,2021,f,55,10544.0
Bomet,2021,f,60,7249.0
Bomet,2021,f,65,4855.0
Bomet,2021,f,70,3276.0
Bomet,2021,f,75,2454.0
Bomet,2021,f,80,1846.0
Bomet,2021,f,85,1043.0
Bomet,2021,f,90,603.0
Bomet,2021,m,00,12644.0
Bomet,2021,m,01,49539.0
Bomet,2021,m,05,65955.0
Bomet,2021,m,10,67366.0
Bomet,2021,m,15,59588.0
Bomet,2021,m,20,42215.0
Bomet,2021,m,25,33461.0
Bomet,2021,m,30,31362.0
Bomet,2021,m,35,25317.0
Bomet,2021,m,40,20245.0
Bomet,2021,m,45,17804.0
Bomet,2021,m,50,11316.0
Bomet,2021,m,55,9269.0
Bomet,2021,m,60,6734.0
Bomet,2021,m,65,4234.0
Bomet,2021,m,70,3023.0
Bomet,2021,m,75,1598.0
Bomet,2021,m,80,867.0
Bomet,2021,m,85,487.0
Bomet,2021,m,90,300.0
Bungoma,2021,f,00,28237.0
Bungoma,2021,f,01,110708.0
Bungoma,2021,f,05,153375.0
Bungoma,2021,f,10,160518.0
Bungoma,2021,f,15,136234.0
Bungoma,2021,f,20,88573.0
Bungoma,2021,f,25,69887.0
Bungoma,2021,f,30,64843.0
Bungoma,2021,f,35,48729.0
Bungoma,2021,f,40,45360.0
Bungoma,2021,f,45,36902.0
Bungoma,2021,f,50,32888.0
Bungoma,2021,f,55,27797.0
Bungoma,2021,f,60,19609.0
Bungoma,2021,f,65,12409.0
Bungoma,2021,f,70,7573.0
Bungoma,2021,f,75,5744.0
Bungoma,2021,f,80,3695.0
Bungoma,2021,f,85,1694.0
Bungoma,2021,f,90,944.0
Bungoma,2021,m,00,28204.0
Bungoma,2021,m,01,110495.0
Bungoma,2021,m,05,154147.0
Bungoma,2021,m,10,157521.0
Bungoma,2021,m,15,134887.0
Bungoma,2021,m,20,84079.0
Bungoma,2021,m,25,61368.0
Bungoma,2021,m,30,58157.0
Bungoma,2021,m,35,48312.0
Bungoma,2021,m,40,40632.0
Bungoma,2021,m,45,34144.0
Bungoma,2021,m,50,27049.0
Bungoma,2021,m,55,23493.0
Bungoma,2021,m,60,16726.0
Bungoma,2021,m,65,9745.0
Bungoma,2021,m,70,6154.0
Bungoma,2021,m,75,3755.0
Bungoma,2021,m,80,2042.0
Bungoma,2021,m,85,1001.0
Bungoma,2021,m,90,578.0
Busia,2021,f,00,12661.0
Busia,2021,f,01,49628.0
Busia,2021,f,05,67656.0
Busia,2021,f,10,72322.0
Busia,2021,f,15,64120.0
Busia,2021,f,20,42470.0
Busia,2021,f,25,33644.0
Busia,2021,f,30,30437.0
Busia,2021,f,35,22942.0
Busia,2021,f,40,20438.0
Busia,2021,f,45,16337.0
Busia,2021,f,50,16501.0
Busia,2021,f,55,13664.0
Busia,2021,f,60,10005.0
Busia,2021,f,65,6546.0
Busia,2021,f,70,4328.0
Busia,2021,f,75,3075.0
Busia,2021,f,80,1986.0
Busia,2021,f,85,1003.0
Busia,2021,f,90,605.0
Busia,2021,m,00,12594.0
Busia,2021,m,01,49330.0
Busia,2021,m,05,66096.0
Busia,2021,m,10,70059.0
Busia,2021,m,15,61669.0
Busia,2021,m,20,39063.0
Busia,2021,m,25,27715.0
Busia,2021,m,30,26135.0
Busia,2021,m,35,22580.0
Busia,2021,m,40,18457.0
Busia,2021,m,45,14197.0
Busia,2021,m,50,12404.0
Busia,2021,m,55,10455.0
Busia,2021,m,60,7536.0
Busia,2021,m,65,4640.0
Busia,2021,m,70,3306.0
Busia,2021,m,75,1970.0
Busia,2021,m,80,1061.0
Busia,2021,m,85,541.0
Busia,2021,m,90,316.0
Elgeyo-Marakwet,2021,f,00,6039.0
Elgeyo-Marakwet,2021,f,01,23677.0
Elgeyo-Marakwet,2021,f,05,30030.0
Elgeyo-Marakwet,2021,f,10,30152.0
Elgeyo-Marakwet,2021,f,15,26575.0
Elgeyo-Marakwet,2021,f,20,19879.0
Elgeyo-Marakwet,2021,f,25,15435.0
Elgeyo-Marakwet,2021,f,30,13191.0
Elgeyo-Marakwet,2021,f,35,10181.0
Elgeyo-Marakwet,2021,f,40,8704.0
Elgeyo-Marakwet,2021,f,45,8115.0
Elgeyo-Marakwet,2021,f,50,5855.0
Elgeyo-Marakwet,2021,f,55,5074.0
Elgeyo-Marakwet,2021,f,60,3691.0
Elgeyo-Marakwet,2021,f,65,2594.0
Elgeyo-Marakwet,2021,f,70,1874.0
Elgeyo-Marakwet,2021,f,75,1343.0
Elgeyo-Marakwet,2021,f,80,884.0
Elgeyo-Marakwet,2021,f,85,462.0
Elgeyo-Marakwet,2021,f,90,292.0
Elgeyo-Marakwet,2021,m,00,6122.0
Elgeyo-Marakwet,2021,m,01,23985.0
Elgeyo-Marakwet,2021,m,05,30931.0
Elgeyo-Marakwet,2021,m,10,29871.0
Elgeyo-Marakwet,2021,m,15,26537.0
Elgeyo-Marakwet,2021,m,20,21003.0
Elgeyo-Marakwet,2021,m,25,15741.0
Elgeyo-Marakwet,2021,m,30,13462.0
Elgeyo-Marakwet,2021,m,35,11116.0
Elgeyo-Marakwet,2021,m,40,9010.0
Elgeyo-Marakwet,2021,m,45,8039.0
Elgeyo-Marakwet,2021,m,50,5386.0
Elgeyo-Marakwet,2021,m,55,4793.0
Elgeyo-Marakwet,2021,m,60,3455.0
Elgeyo-Marakwet,2021,m,65,2444.0
Elgeyo-Marakwet,2021,m,70,1629.0
Elgeyo-Marakwet,2021,m,75,956.0
Elgeyo-Marakwet,2021,m,80,492.0
Elgeyo-Marakwet,2021,m,85,229.0
Elgeyo-Marakwet,2021,m,90,131.0
Embu,2021,f,00,6908.0
Embu,2021,f,01,27086.0
Embu,2021,f,05,32615.0
Embu,2021,f,10,35569.0
Embu,2021,f,15,34757.0
Embu,2021,f,20,27555.0
Embu,2021,f,25,22963.0
Embu,2021,f,30,23626.0
Embu,2021,f,35,24057.0
Embu,2021,f,40,19722.0
Embu,2021,f,45,17472.0
Embu,2021,f,50,15859.0
Embu,2021,f,55,12777.0
Embu,2021,f,60,8082.0
Embu,2021,f,65,6148.0
Embu,2021,f,70,4246.0
Embu,2021,f,75,2797.0
Embu,2021,f,80,2270.0
Embu,2021,f,85,1558.0
Embu,2021,f,90,1011.0
Embu,2021,m,00,7123.0
Embu,2021,m,01,27907.0
Embu,2021,m,05,33065.0
Embu,2021,m,10,35873.0
Embu,2021,m,15,35226.0
Embu,2021,m,20,29682.0
Embu,2021,m,25,25419.0
Embu,2021,m,30,25555.0
Embu,2021,m,35,25260.0
Embu,2021,m,40,20618.0
Embu,2021,m,45,17243.0
Embu,2021,m,50,14529.0
Embu,2021,m,55,11931.0
Embu,2021,m,60,7425.0
Embu,2021,m,65,5412.0
Embu,2021,m,70,3246.0
Embu,2021,m,75,1854.0
Embu,2021,m,80,1164.0
Embu,2021,m,85,654.0
Embu,2021,m,90,362.0
Garissa,2021,f,00,15261.0
Garissa,2021,f,01,59835.0
Garissa,2021,f,05,82482.0
Garissa,2021,f,10,72865.0
Garissa,2021,f,15,59561.0
Garissa,2021,f,20,44824.0
Garissa,2021,f,25,38305.0
Garissa,2021,f,30,28194.0
Garissa,2021,f,35,26170.0
Garissa,2021,f,40,20106.0
Garissa,2021,f,45,11348.0
Garissa,2021,f,50,10960.0
Garissa,2021,f,55,4326.0
Garissa,2021,f,60,5404.0
Garissa,2021,f,65,1822.0
Garissa,2021,f,70,2408.0
Garissa,2021,f,75,959.0
Garissa,2021,f,80,645.0
Garissa,2021,f,85,1075.0
Garissa,2021,f,90,1262.0
Garissa,2021,m,00,16938.0
Garissa,2021,m,01,66360.0
Garissa,2021,m,05,94784.0
Garissa,2021,m,10,92269.0
Garissa,2021,m,15,73489.0
Garissa,2021,m,20,52072.0
Garissa,2021,m,25,33781.0
Garissa,2021,m,30,27660.0
Garissa,2021,m,35,22186.0
Garissa,2021,m,40,22896.0
Garissa,2021,m,45,14127.0
Garissa,2021,m,50,15591.0
Garissa,2021,m,55,6921.0
Garissa,2021,m,60,7726.0
Garissa,2021,m,65,2539.0
Garissa,2021,m,70,3128.0
Garissa,2021,m,75,1213.0
Garissa,2021,m,80,703.0
Garissa,2021,m,85,898.0
Garissa,2021,m,90,772.0
HomaBay,2021,f,00,16608.0
HomaBay,2021,f,01,65115.0
HomaBay,2021,f,05,84807.0
HomaBay,2021,f,10,89596.0
HomaBay,2021,f,15,71926.0
HomaBay,2021,f,20,52228.0
HomaBay,2021,f,25,42148.0
HomaBay,2021,f,30,40290.0
HomaBay,2021,f,35,27137.0
HomaBay,2021,f,40,23604.0
HomaBay,2021,f,45,19249.0
HomaBay,2021,f,50,15813.0
HomaBay,2021,f,55,14974.0
HomaBay,2021,f,60,12077.0
HomaBay,2021,f,65,8504.0
HomaBay,2021,f,70,5798.0
HomaBay,2021,f,75,3784.0
HomaBay,2021,f,80,2359.0
HomaBay,2021,f,85,1219.0
HomaBay,2021,f,90,751.0
HomaBay,2021,m,00,16793.0
HomaBay,2021,m,01,65792.0
HomaBay,2021,m,05,84288.0
HomaBay,2021,m,10,88783.0
HomaBay,2021,m,15,70024.0
HomaBay,2021,m,20,45887.0
HomaBay,2021,m,25,34268.0
HomaBay,2021,m,30,32703.0
HomaBay,2021,m,35,28417.0
HomaBay,2021,m,40,22076.0
HomaBay,2021,m,45,15152.0
HomaBay,2021,m,50,11711.0
HomaBay,2021,m,55,10384.0
HomaBay,2021,m,60,8365.0
HomaBay,2021,m,65,5740.0
HomaBay,2021,m,70,4141.0
HomaBay,2021,m,75,2201.0
HomaBay,2021,m,80,1151.0
HomaBay,2021,m,85,630.0
HomaBay,2021,m,90,412.0
Isiolo,2021,f,00,6131.0
Isiolo,2021,f,01,24038.0
Isiolo,2021,f,05,29172.0
Isiolo,2021,f,10,26181.0
Isiolo,2021,f,15,21176.0
Isiolo,2021,f,20,16950.0
Isiolo,2021,f,25,13812.0
Isiolo,2021,f,30,11891.0
Isiolo,2021,f,35,9130.0
Isiolo,2021,f,40,6401.0
Isiolo,2021,f,45,4972.0
Isiolo,2021,f,50,4103.0
Isiolo,2021,f,55,3461.0
Isiolo,2021,f,60,2642.0
Isiolo,2021,f,65,1434.0
Isiolo,2021,f,70,1152.0
Isiolo,2021,f,75,611.0
Isiolo,2021,f,80,421.0
Isiolo,2021,f,85,346.0
Isiolo,2021,f,90,306.0
Isiolo,2021,m,00,6274.0
Isiolo,2021,m,01,24582.0
Isiolo,2021,m,05,30817.0
Isiolo,2021,m,10,29041.0
Isiolo,2021,m,15,24997.0
Isiolo,2021,m,20,18588.0
Isiolo,2021,m,25,15109.0
Isiolo,2021,m,30,13747.0
Isiolo,2021,m,35,10472.0
Isiolo,2021,m,40,8028.0
Isiolo,2021,m,45,5597.0
Isiolo,2021,m,50,4874.0
Isiolo,2021,m,55,3524.0
Isiolo,2021,m,60,3227.0
Isiolo,2021,m,65,1564.0
Isiolo,2021,m,70,1261.0
Isiolo,2021,m,75,648.0
Isiolo,2021,m,80,338.0
Isiolo,2021,m,85,222.0
Isiolo,2021,m,90,164.0
Kajiado,2021,f,00,20886.0
Kajiado,2021,f,01,81871.0
Kajiado,2021,f,05,91681.0
Kajiado,2021,f,10,81195.0
Kajiado,2021,f,15,68963.0
Kajiado,2021,f,20,82137.0
Kajiado,2021,f,25,75606.0
Kajiado,2021,f,30,61009.0
Kajiado,2021,f,35,47335.0
Kajiado,2021,f,40,33743.0
Kajiado,2021,f,45,25703.0
Kajiado,2021,f,50,19612.0
Kajiado,2021,f,55,12321.0
Kajiado,2021,f,60,8159.0
Kajiado,2021,f,65,4566.0
Kajiado,2021,f,70,3034.0
Kajiado,2021,f,75,1886.0
Kajiado,2021,f,80,1218.0
Kajiado,2021,f,85,724.0
Kajiado,2021,f,90,512.0
Kajiado,2021,m,00,21423.0
Kajiado,2021,m,01,83916.0
Kajiado,2021,m,05,93084.0
Kajiado,2021,m,10,77895.0
Kajiado,2021,m,15,63346.0
Kajiado,2021,m,20,72700.0
Kajiado,2021,m,25,74216.0
Kajiado,2021,m,30,66141.0
Kajiado,2021,m,35,53120.0
Kajiado,2021,m,40,37429.0
Kajiado,2021,m,45,29680.0
Kajiado,2021,m,50,22190.0
Kajiado,2021,m,55,13552.0
Kajiado,2021,m,60,8096.0
Kajiado,2021,m,65,4417.0
Kajiado,2021,m,70,2960.0
Kajiado,2021,m,75,1536.0
Kajiado,2021,m,80,751.0
Kajiado,2021,m,85,379.0
Kajiado,2021,m,90,225.0
Kakamega,2021,f,00,20604.0
Kakamega,2021,f,01,80786.0
Kakamega,2021,f,05,115662.0
Kakamega,2021,f,10,123847.0
Kakamega,2021,f,15,105987.0
Kakamega,2021,f,20,67080.0
Kakamega,2021,f,25,54184.0
Kakamega,2021,f,30,53272.0
Kakamega,2021,f,35,40225.0
Kakamega,2021,f,40,37081.0
Kakamega,2021,f,45,30215.0
Kakamega,2021,f,50,28977.0
Kakamega,2021,f,55,23804.0
Kakamega,2021,f,60,18385.0
Kakamega,2021,f,65,12113.0
Kakamega,2021,f,70,7465.0
Kakamega,2021,f,75,5888.0
Kakamega,2021,f,80,3552.0
Kakamega,2021,f,85,1462.0
Kakamega,2021,f,90,748.0
Kakamega,2021,m,00,20503.0
Kakamega,2021,m,01,80331.0
Kakamega,2021,m,05,115252.0
Kakamega,2021,m,10,120203.0
Kakamega,2021,m,15,102682.0
Kakamega,2021,m,20,63009.0
Kakamega,2021,m,25,44706.0
Kakamega,2021,m,30,44680.0
Kakamega,2021,m,35,39130.0
Kakamega,2021,m,40,33178.0
Kakamega,2021,m,45,26769.0
Kakamega,2021,m,50,22894.0
Kakamega,2021,m,55,19404.0
Kakamega,2021,m,60,14752.0
Kakamega,2021,m,65,9407.0
Kakamega,2021,m,70,6457.0
Kakamega,2021,m,75,3700.0
Kakamega,2021,m,80,1908.0
Kakamega,2021,m,85,928.0
Kakamega,2021,m,90,516.0
Kericho,2021,f,00,11917.0
Kericho,2021,f,01,46723.0
Kericho,2021,f,05,60818.0
Kericho,2021,f,10,64519.0
Kericho,2021,f,15,57298.0
Kericho,2021,f,20,45281.0
Kericho,2021,f,25,38451.0
Kericho,2021,f,30,35374.0
Kericho,2021,f,35,22761.0
Kericho,2021,f,40,20465.0
Kericho,2021,f,45,18446.0
Kericho,2021,f,50,12662.0
Kericho,2021,f,55,11392.0
Kericho,2021,f,60,7940.0
Kericho,2021,f,65,5035.0
Kericho,2021,f,70,3164.0
Kericho,2021,f,75,2149.0
Kericho,2021,f,80,1586.0
Kericho,2021,f,85,968.0
Kericho,2021,f,90,656.0
Kericho,2021,m,00,12239.0
Kericho,2021,m,01,47951.0
Kericho,2021,m,05,62183.0
Kericho,2021,m,10,63970.0
Kericho,2021,m,15,56761.0
Kericho,2021,m,20,44050.0
Kericho,2021,m,25,37163.0
Kericho,2021,m,30,35066.0
Kericho,2021,m,35,28079.0
Kericho,2021,m,40,22666.0
Kericho,2021,m,45,19133.0
Kericho,2021,m,50,12535.0
Kericho,2021,m,55,10515.0
Kericho,2021,m,60,7313.0
Kericho,2021,m,65,4899.0
Kericho,2021,m,70,3455.0
Kericho,2021,m,75,1651.0
Kericho,2021,m,80,836.0
Kericho,2021,m,85,465.0
Kericho,2021,m,90,301.0
Kiambu,2021,f,00,34586.0
Kiambu,2021,f,01,135605.0
Kiambu,2021,f,05,142195.0
Kiambu,2021,f,10,130852.0
Kiambu,2021,f,15,135622.0
Kiambu,2021,f,20,172158.0
Kiambu,2021,f,25,153635.0
Kiambu,2021,f,30,130635.0
Kiambu,2021,f,35,117004.0
Kiambu,2021,f,40,85083.0
Kiambu,2021,f,45,67260.0
Kiambu,2021,f,50,53523.0
Kiambu,2021,f,55,35202.0
Kiambu,2021,f,60,20601.0
Kiambu,2021,f,65,13901.0
Kiambu,2021,f,70,9413.0
Kiambu,2021,f,75,7246.0
Kiambu,2021,f,80,5038.0
Kiambu,2021,f,85,2535.0
Kiambu,2021,f,90,1436.0
Kiambu,2021,m,00,35325.0
Kiambu,2021,m,01,138402.0
Kiambu,2021,m,05,142726.0
Kiambu,2021,m,10,127496.0
Kiambu,2021,m,15,119348.0
Kiambu,2021,m,20,153955.0
Kiambu,2021,m,25,151624.0
Kiambu,2021,m,30,136934.0
Kiambu,2021,m,35,116256.0
Kiambu,2021,m,40,88021.0
Kiambu,2021,m,45,70453.0
Kiambu,2021,m,50,55071.0
Kiambu,2021,m,55,36939.0
Kiambu,2021,m,60,20393.0
Kiambu,2021,m,65,12446.0
Kiambu,2021,m,70,8556.0
Kiambu,2021,m,75,4288.0
Kiambu,2021,m,80,2065.0
Kiambu,2021,m,85,1017.0
Kiambu,2021,m,90,587.0
Kilifi,2021,f,00,23277.0
Kilifi,2021,f,01,91266.0
Kilifi,2021,f,05,112766.0
Kilifi,2021,f,10,111492.0
Kilifi,2021,f,15,98157.0
Kilifi,2021,f,20,77807.0
Kilifi,2021,f,25,65343.0
Kilifi,2021,f,30,56033.0
Kilifi,2021,f,35,39060.0
Kilifi,2021,f,40,38817.0
Kilifi,2021,f,45,26947.0
Kilifi,2021,f,50,23307.0
Kilifi,2021,f,55,17990.0
Kilifi,2021,f,60,18478.0
Kilifi,2021,f,65,10443.0
Kilifi,2021,f,70,6702.0
Kilifi,2021,f,75,4468.0
Kilifi,2021,f,80,2674.0
Kilifi,2021,f,85,1343.0
Kilifi,2021,f,90,770.0
Kilifi,2021,m,00,23668.0
Kilifi,2021,m,01,92730.0
Kilifi,2021,m,05,114377.0
Kilifi,2021,m,10,110274.0
Kilifi,2021,m,15,96727.0
Kilifi,2021,m,20,73469.0
Kilifi,2021,m,25,58312.0
Kilifi,2021,m,30,47220.0
Kilifi,2021,m,35,37769.0
Kilifi,2021,m,40,33068.0
Kilifi,2021,m,45,27431.0
Kilifi,2021,m,50,21903.0
Kilifi,2021,m,55,16202.0
Kilifi,2021,m,60,11817.0
Kilifi,2021,m,65,8395.0
Kilifi,2021,m,70,5102.0
Kilifi,2021,m,75,3093.0
Kilifi,2021,m,80,1456.0
Kilifi,2021,m,85,571.0
Kilifi,2021,m,90,282.0
Kirinyaga,2021,f,00,8825.0
Kirinyaga,2021,f,01,34603.0
Kirinyaga,2021,f,05,41253.0
Kirinyaga,2021,f,10,43552.0
Kirinyaga,2021,f,15,43334.0
Kirinyaga,2021,f,20,33642.0
Kirinyaga,2021,f,25,29965.0
Kirinyaga,2021,f,30,34823.0
Kirinyaga,2021,f,35,39255.0
Kirinyaga,2021,f,40,32546.0
Kirinyaga,2021,f,45,28189.0
Kirinyaga,2021,f,50,25703.0
Kirinyaga,2021,f,55,19626.0
Kirinyaga,2021,f,60,11633.0
Kirinyaga,2021,f,65,8793.0
Kirinyaga,2021,f,70,6396.0
Kirinyaga,2021,f,75,4038.0
Kirinyaga,2021,f,80,3239.0
Kirinyaga,2021,f,85,2298.0
Kirinyaga,2021,f,90,1492.0
Kirinyaga,2021,m,00,8874.0
Kirinyaga,2021,m,01,34769.0
Kirinyaga,2021,m,05,41474.0
Kirinyaga,2021,m,10,43259.0
Kirinyaga,2021,m,15,43435.0
Kirinyaga,2021,m,20,35071.0
Kirinyaga,2021,m,25,30540.0
Kirinyaga,2021,m,30,35942.0
Kirinyaga,2021,m,35,39210.0
Kirinyaga,2021,m,40,32584.0
Kirinyaga,2021,m,45,27801.0
Kirinyaga,2021,m,50,24922.0
Kirinyaga,2021,m,55,19070.0
Kirinyaga,2021,m,60,11217.0
Kirinyaga,2021,m,65,7536.0
Kirinyaga,2021,m,70,5017.0
Kirinyaga,2021,m,75,2617.0
Kirinyaga,2021,m,80,1450.0
Kirinyaga,2021,m,85,809.0
Kirinyaga,2021,m,90,495.0
Kisii,2021,f,00,15119.0
Kisii,2021,f,01,59278.0
Kisii,2021,f,05,85372.0
Kisii,2021,f,10,95071.0
Kisii,2021,f,15,78410.0
Kisii,2021,f,20,55891.0
Kisii,2021,f,25,50518.0
Kisii,2021,f,30,50615.0
Kisii,2021,f,35,33360.0
Kisii,2021,f,40,28007.0
Kisii,2021,f,45,28131.0
Kisii,2021,f,50,17241.0
Kisii,2021,f,55,20976.0
Kisii,2021,f,60,15643.0
Kisii,2021,f,65,9654.0
Kisii,2021,f,70,5866.0
Kisii,2021,f,75,3625.0
Kisii,2021,f,80,2533.0
Kisii,2021,f,85,1527.0
Kisii,2021,f,90,1022.0
Kisii,2021,m,00,15239.0
Kisii,2021,m,01,59706.0
Kisii,2021,m,05,85675.0
Kisii,2021,m,10,94390.0
Kisii,2021,m,15,75334.0
Kisii,2021,m,20,47856.0
Kisii,2021,m,25,40237.0
Kisii,2021,m,30,40029.0
Kisii,2021,m,35,33131.0
Kisii,2021,m,40,27413.0
Kisii,2021,m,45,22056.0
Kisii,2021,m,50,16840.0
Kisii,2021,m,55,18230.0
Kisii,2021,m,60,12880.0
Kisii,2021,m,65,7562.0
Kisii,2021,m,70,4964.0
Kisii,2021,m,75,2635.0
Kisii,2021,m,80,1408.0
Kisii,2021,m,85,766.0
Kisii,2021,m,90,489.0
Kisumu,2021,f,00,16257.0
Kisumu,2021,f,01,63741.0
Kisumu,2021,f,05,80360.0
Kisumu,2021,f,10,87995.0
Kisumu,2021,f,15,78055.0
Kisumu,2021,f,20,65669.0
Kisumu,2021,f,25,55245.0
Kisumu,2021,f,30,48325.0
Kisumu,2021,f,35,34651.0
Kisumu,2021,f,40,26757.0
Kisumu,2021,f,45,19381.0
Kisumu,2021,f,50,18294.0
Kisumu,2021,f,55,15820.0
Kisumu,2021,f,60,12499.0
Kisumu,2021,f,65,8415.0
Kisumu,2021,f,70,5327.0
Kisumu,2021,f,75,3620.0
Kisumu,2021,f,80,2234.0
Kisumu,2021,f,85,1074.0
Kisumu,2021,f,90,619.0
Kisumu,2021,m,00,16217.0
Kisumu,2021,m,01,63537.0
Kisumu,2021,m,05,80362.0
Kisumu,2021,m,10,85732.0
Kisumu,2021,m,15,72452.0
Kisumu,2021,m,20,57690.0
Kisumu,2021,m,25,49215.0
Kisumu,2021,m,30,46735.0
Kisumu,2021,m,35,39767.0
Kisumu,2021,m,40,29886.0
Kisumu,2021,m,45,20392.0
Kisumu,2021,m,50,15750.0
Kisumu,2021,m,55,12543.0
Kisumu,2021,m,60,9481.0
Kisumu,2021,m,65,6341.0
Kisumu,2021,m,70,4401.0
Kisumu,2021,m,75,2233.0
Kisumu,2021,m,80,1093.0
Kisumu,2021,m,85,555.0
Kisumu,2021,m,90,334.0
Kitui,2021,f,00,13453.0
Kitui,2021,f,01,52745.0
Kitui,2021,f,05,72641.0
Kitui,2021,f,10,85654.0
Kitui,2021,f,15,77909.0
Kitui,2021,f,20,45768.0
Kitui,2021,f,25,35803.0
Kitui,2021,f,30,36477.0
Kitui,2021,f,35,33959.0
Kitui,2021,f,40,29263.0
Kitui,2021,f,45,28052.0
Kitui,2021,f,50,21618.0
Kitui,2021,f,55,16687.0
Kitui,2021,f,60,13043.0
Kitui,2021,f,65,10414.0
Kitui,2021,f,70,8214.0
Kitui,2021,f,75,5025.0
Kitui,2021,f,80,3613.0
Kitui,2021,f,85,2526.0
Kitui,2021,f,90,1949.0
Kitui,2021,m,00,13743.0
Kitui,2021,m,01,53844.0
Kitui,2021,m,05,74353.0
Kitui,2021,m,10,86449.0
Kitui,2021,m,15,78818.0
Kitui,2021,m,20,45789.0
Kitui,2021,m,25,32448.0
Kitui,2021,m,30,31559.0
Kitui,2021,m,35,28798.0
Kitui,2021,m,40,24853.0
Kitui,2021,m,45,22769.0
Kitui,2021,m,50,18013.0
Kitui,2021,m,55,14270.0
Kitui,2021,m,60,10798.0
Kitui,2021,m,65,7995.0
Kitui,2021,m,70,5638.0
Kitui,2021,m,75,3512.0
Kitui,2021,m,80,2175.0
Kitui,2021,m,85,1253.0
Kitui,2021,m,90,819.0
Kwale,2021,f,00,15404.0
Kwale,2021,f,01,60397.0
Kwale,2021,f,05,73145.0
Kwale,2021,f,10,68581.0
Kwale,2021,f,15,56157.0
Kwale,2021,f,20,43129.0
Kwale,2021,f,25,37689.0
Kwale,2021,f,30,32256.0
Kwale,2021,f,35,25194.0
Kwale,2021,f,40,22819.0
Kwale,2021,f,45,16647.0
Kwale,2021,f,50,11466.0
Kwale,2021,f,55,9573.0
Kwale,2021,f,60,9944.0
Kwale,2021,f,65,6172.0
Kwale,2021,f,70,4064.0
Kwale,2021,f,75,2186.0
Kwale,2021,f,80,1335.0
Kwale,2021,f,85,814.0
Kwale,2021,f,90,550.0
Kwale,2021,m,00,15687.0
Kwale,2021,m,01,61461.0
Kwale,2021,m,05,75094.0
Kwale,2021,m,10,68807.0
Kwale,2021,m,15,55883.0
Kwale,2021,m,20,38427.0
Kwale,2021,m,25,32505.0
Kwale,2021,m,30,28505.0
Kwale,2021,m,35,23764.0
Kwale,2021,m,40,20928.0
Kwale,2021,m,45,17174.0
Kwale,2021,m,50,13427.0
Kwale,2021,m,55,9900.0
Kwale,2021,m,60,7777.0
Kwale,2021,m,65,5440.0
Kwale,2021,m,70,3384.0
Kwale,2021,m,75,1925.0
Kwale,2021,m,80,950.0
Kwale,2021,m,85,413.0
Kwale,2021,m,90,206.0
Laikipia,2021,f,00,7523.0
Laikipia,2021,f,01,29496.0
Laikipia,2021,f,05,34954.0
Laikipia,2021,f,10,34447.0
Laikipia,2021,f,15,30895.0
Laikipia,2021,f,20,23869.0
Laikipia,2021,f,25,20044.0
Laikipia,2021,f,30,19519.0
Laikipia,2021,f,35,17579.0
Laikipia,2021,f,40,14664.0
Laikipia,2021,f,45,12725.0
Laikipia,2021,f,50,11485.0
Laikipia,2021,f,55,8636.0
Laikipia,2021,f,60,5696.0
Laikipia,2021,f,65,4058.0
Laikipia,2021,f,70,2872.0
Laikipia,2021,f,75,2104.0
Laikipia,2021,f,80,1272.0
Laikipia,2021,f,85,579.0
Laikipia,2021,f,90,344.0
Laikipia,2021,m,00,7759.0
Laikipia,2021,m,01,30401.0
Laikipia,2021,m,05,35806.0
Laikipia,2021,m,10,35577.0
Laikipia,2021,m,15,32111.0
Laikipia,2021,m,20,23847.0
Laikipia,2021,m,25,20053.0
Laikipia,2021,m,30,19848.0
Laikipia,2021,m,35,18436.0
Laikipia,2021,m,40,15166.0
Laikipia,2021,m,45,12695.0
Laikipia,2021,m,50,11052.0
Laikipia,2021,m,55,8298.0
Laikipia,2021,m,60,5130.0
Laikipia,2021,m,65,3461.0
Laikipia,2021,m,70,2723.0
Laikipia,2021,m,75,1554.0
Laikipia,2021,m,80,761.0
Laikipia,2021,m,85,357.0
Laikipia,2021,m,90,196.0
Lamu,2021,f,00,2254.0
Lamu,2021,f,01,8837.0
Lamu,2021,f,05,10771.0
Lamu,2021,f,10,10283.0
Lamu,2021,f,15,8758.0
Lamu,2021,f,20,6881.0
Lamu,2021,f,25,5748.0
Lamu,2021,f,30,5285.0
Lamu,2021,f,35,4487.0
Lamu,2021,f,40,3827.0
Lamu,2021,f,45,3214.0
Lamu,2021,f,50,2521.0
Lamu,2021,f,55,2112.0
Lamu,2021,f,60,1563.0
Lamu,2021,f,65,1008.0
Lamu,2021,f,70,647.0
Lamu,2021,f,75,354.0
Lamu,2021,f,80,204.0
Lamu,2021,f,85,115.0
Lamu,2021,f,90,96.0
Lamu,2021,m,00,2382.0
Lamu,2021,m,01,9334.0
Lamu,2021,m,05,11125.0
Lamu,2021,m,10,10675.0
Lamu,2021,m,15,9294.0
Lamu,2021,m,20,8576.0
Lamu,2021,m,25,7698.0
Lamu,2021,m,30,6691.0
Lamu,2021,m,35,5415.0
Lamu,2021,m,40,4598.0
Lamu,2021,m,45,3890.0
Lamu,2021,m,50,3035.0
Lamu,2021,m,55,2309.0
Lamu,2021,m,60,1611.0
Lamu,2021,m,65,1040.0
Lamu,2021,m,70,723.0
Lamu,2021,m,75,372.0
Lamu,2021,m,80,167.0
Lamu,2021,m,85,75.0
Lamu,2021,m,90,42.0
Machakos,2021,f,00,17749.0
Machakos,2021,f,01,69592.0
Machakos,2021,f,05,83501.0
Machakos,2021,f,10,88921.0
Machakos,2021,f,15,83423.0
Machakos,2021,f,20,77403.0
Machakos,2021,f,25,69088.0
Machakos,2021,f,30,63532.0
Machakos,2021,f,35,59129.0
Machakos,2021,f,40,46875.0
Machakos,2021,f,45,36771.0
Machakos,2021,f,50,29823.0
Machakos,2021,f,55,23743.0
Machakos,2021,f,60,18356.0
Machakos,2021,f,65,12936.0
Machakos,2021,f,70,7869.0
Machakos,2021,f,75,5731.0
Machakos,2021,f,80,4508.0
Machakos,2021,f,85,2666.0
Machakos,2021,f,90,1606.0
Machakos,2021,m,00,18188.0
Machakos,2021,m,01,71258.0
Machakos,2021,m,05,86071.0
Machakos,2021,m,10,89257.0
Machakos,2021,m,15,82796.0
Machakos,2021,m,20,78979.0
Machakos,2021,m,25,71836.0
Machakos,2021,m,30,68713.0
Machakos,2021,m,35,62407.0
Machakos,2021,m,40,49187.0
Machakos,2021,m,45,40007.0
Machakos,2021,m,50,30213.0
Machakos,2021,m,55,23473.0
Machakos,2021,m,60,17594.0
Machakos,2021,m,65,10529.0
Machakos,2021,m,70,6542.0
Machakos,2021,m,75,3331.0
Machakos,2021,m,80,2020.0
Machakos,2021,m,85,1311.0
Machakos,2021,m,90,851.0
Makueni,2021,f,00,10290.0
Makueni,2021,f,01,40344.0
Makueni,2021,f,05,55882.0
Makueni,2021,f,10,67448.0
Makueni,2021,f,15,62630.0
Makueni,2021,f,20,38653.0
Makueni,2021,f,25,32771.0
Makueni,2021,f,30,33024.0
Makueni,2021,f,35,31627.0
Makueni,2021,f,40,26821.0
Makueni,2021,f,45,26535.0
Makueni,2021,f,50,19680.0
Makueni,2021,f,55,16285.0
Makueni,2021,f,60,13756.0
Makueni,2021,f,65,10656.0
Makueni,2021,f,70,6765.0
Makueni,2021,f,75,4742.0
Makueni,2021,f,80,3740.0
Makueni,2021,f,85,2287.0
Makueni,2021,f,90,1364.0
Makueni,2021,m,00,10587.0
Makueni,2021,m,01,41478.0
Makueni,2021,m,05,57778.0
Makueni,2021,m,10,68021.0
Makueni,2021,m,15,65257.0
Makueni,2021,m,20,43988.0
Makueni,2021,m,25,34257.0
Makueni,2021,m,30,33315.0
Makueni,2021,m,35,31160.0
Makueni,2021,m,40,26004.0
Makueni,2021,m,45,23640.0
Makueni,2021,m,50,18451.0
Makueni,2021,m,55,14466.0
Makueni,2021,m,60,11716.0
Makueni,2021,m,65,8139.0
Makueni,2021,m,70,5417.0
Makueni,2021,m,75,2911.0
Makueni,2021,m,80,1779.0
Makueni,2021,m,85,1130.0
Makueni,2021,m,90,759.0
Mandera,2021,f,00,19573.0
Mandera,2021,f,01,76718.0
Mandera,2021,f,05,92613.0
Mandera,2021,f,10,74514.0
Mandera,2021,f,15,55529.0
Mandera,2021,f,20,38614.0
Mandera,2021,f,25,29692.0
Mandera,2021,f,30,22720.0
Mandera,2021,f,35,17741.0
Mandera,2021,f,40,13857.0
Mandera,2021,f,45,7544.0
Mandera,2021,f,50,6524.0
Mandera,2021,f,55,3600.0
Mandera,2021,f,60,3225.0
Mandera,2021,f,65,1392.0
Mandera,2021,f,70,1327.0
Mandera,2021,f,75,529.0
Mandera,2021,f,80,313.0
Mandera,2021,f,85,348.0
Mandera,2021,f,90,451.0
Mandera,2021,m,00,16968.0
Mandera,2021,m,01,66455.0
Mandera,2021,m,05,84192.0
Mandera,2021,m,10,81324.0
Mandera,2021,m,15,63660.0
Mandera,2021,m,20,40022.0
Mandera,2021,m,25,29001.0
Mandera,2021,m,30,24154.0
Mandera,2021,m,35,16178.0
Mandera,2021,m,40,15834.0
Mandera,2021,m,45,9173.0
Mandera,2021,m,50,8670.0
Mandera,2021,m,55,4671.0
Mandera,2021,m,60,4527.0
Mandera,2021,m,65,1928.0
Mandera,2021,m,70,1696.0
Mandera,2021,m,75,831.0
Mandera,2021,m,80,453.0
Mandera,2021,m,85,353.0
Mandera,2021,m,90,303.0
Marsabit,2021,f,00,8436.0
Marsabit,2021,f,01,33077.0
Marsabit,2021,f,05,43705.0
Marsabit,2021,f,10,39091.0
Marsabit,2021,f,15,30930.0
Marsabit,2021,f,20,23602.0
Marsabit,2021,f,25,18686.0
Marsabit,2021,f,30,14595.0
Marsabit,2021,f,35,10417.0
Marsabit,2021,f,40,8430.0
Marsabit,2021,f,45,6750.0
Marsabit,2021,f,50,6287.0
Marsabit,2021,f,55,4150.0
Marsabit,2021,f,60,3468.0
Marsabit,2021,f,65,1934.0
Marsabit,2021,f,70,1787.0
Marsabit,2021,f,75,796.0
Marsabit,2021,f,80,488.0
Marsabit,2021,f,85,466.0
Marsabit,2021,f,90,517.0
Marsabit,2021,m,00,8787.0
Marsabit,2021,m,01,34426.0
Marsabit,2021,m,05,45344.0
Marsabit,2021,m,10,43668.0
Marsabit,2021,m,15,38827.0
Marsabit,2021,m,20,28494.0
Marsabit,2021,m,25,22848.0
Marsabit,2021,m,30,18137.0
Marsabit,2021,m,35,12502.0
Marsabit,2021,m,40,10725.0
Marsabit,2021,m,45,7463.0
Marsabit,2021,m,50,7037.0
Marsabit,2021,m,55,4450.0
Marsabit,2021,m,60,3843.0
Marsabit,2021,m,65,1996.0
Marsabit,2021,m,70,2057.0
Marsabit,2021,m,75,881.0
Marsabit,2021,m,80,468.0
Marsabit,2021,m,85,420.0
Marsabit,2021,m,90,385.0
Meru,2021,f,00,18362.0
Meru,2021,f,01,71996.0
Meru,2021,f,05,89051.0
Meru,2021,f,10,97351.0
Meru,2021,f,15,89224.0
Meru,2021,f,20,67512.0
Meru,2021,f,25,56369.0
Meru,2021,f,30,57826.0
Meru,2021,f,35,56775.0
Meru,2021,f,40,43793.0
Meru,2021,f,45,38527.0
Meru,2021,f,50,27925.0
Meru,2021,f,55,24732.0
Meru,2021,f,60,18003.0
Meru,2021,f,65,12991.0
Meru,2021,f,70,9588.0
Meru,2021,f,75,5641.0
Meru,2021,f,80,4186.0
Meru,2021,f,85,2869.0
Meru,2021,f,90,1823.0
Meru,2021,m,00,18587.0
Meru,2021,m,01,72821.0
Meru,2021,m,05,90248.0
Meru,2021,m,10,96523.0
Meru,2021,m,15,84333.0
Meru,2021,m,20,69216.0
Meru,2021,m,25,59039.0
Meru,2021,m,30,59956.0
Meru,2021,m,35,59062.0
Meru,2021,m,40,47078.0
Meru,2021,m,45,37653.0
Meru,2021,m,50,28421.0
Meru,2021,m,55,23313.0
Meru,2021,m,60,16184.0
Meru,2021,m,65,11103.0
Meru,2021,m,70,7879.0
Meru,2021,m,75,4177.0
Meru,2021,m,80,2294.0
Meru,2021,m,85,1273.0
Meru,2021,m,90,761.0
Migori,2021,f,00,18980.0
Migori,2021,f,01,74402.0
Migori,2021,f,05,95185.0
Migori,2021,f,10,97450.0
Migori,2021,f,15,78174.0
Migori,2021,f,20,60051.0
Migori,2021,f,25,47153.0
Migori,2021,f,30,41047.0
Migori,2021,f,35,27648.0
Migori,2021,f,40,23408.0
Migori,2021,f,45,19803.0
Migori,2021,f,50,15506.0
Migori,2021,f,55,13250.0
Migori,2021,f,60,10105.0
Migori,2021,f,65,6833.0
Migori,2021,f,70,4358.0
Migori,2021,f,75,3055.0
Migori,2021,f,80,1937.0
Migori,2021,f,85,965.0
Migori,2021,f,90,609.0
Migori,2021,m,00,18846.0
Migori,2021,m,01,73818.0
Migori,2021,m,05,94554.0
Migori,2021,m,10,95210.0
Migori,2021,m,15,74055.0
Migori,2021,m,20,51602.0
Migori,2021,m,25,40404.0
Migori,2021,m,30,36518.0
Migori,2021,m,35,29455.0
Migori,2021,m,40,22767.0
Migori,2021,m,45,17091.0
Migori,2021,m,50,12602.0
Migori,2021,m,55,9961.0
Migori,2021,m,60,7463.0
Migori,2021,m,65,4737.0
Migori,2021,m,70,3274.0
Migori,2021,m,75,1838.0
Migori,2021,m,80,980.0
Migori,2021,m,85,520.0
Migori,2021,m,90,330.0
Mombasa,2021,f,00,17150.0
Mombasa,2021,f,01,67242.0
Mombasa,2021,f,05,72428.0
Mombasa,2021,f,10,63140.0
Mombasa,2021,f,15,61796.0
Mombasa,2021,f,20,82258.0
Mombasa,2021,f,25,78834.0
Mombasa,2021,f,30,63224.0
Mombasa,2021,f,35,50618.0
Mombasa,2021,f,40,36413.0
Mombasa,2021,f,45,25550.0
Mombasa,2021,f,50,17395.0
Mombasa,2021,f,55,11605.0
Mombasa,2021,f,60,7586.0
Mombasa,2021,f,65,4393.0
Mombasa,2021,f,70,2492.0
Mombasa,2021,f,75,1411.0
Mombasa,2021,f,80,796.0
Mombasa,2021,f,85,401.0
Mombasa,2021,f,90,279.0
Mombasa,2021,m,00,17600.0
Mombasa,2021,m,01,68954.0
Mombasa,2021,m,05,71567.0
Mombasa,2021,m,10,60911.0
Mombasa,2021,m,15,52977.0
Mombasa,2021,m,20,73457.0
Mombasa,2021,m,25,79333.0
Mombasa,2021,m,30,69761.0
Mombasa,2021,m,35,57023.0
Mombasa,2021,m,40,45320.0
Mombasa,2021,m,45,35015.0
Mombasa,2021,m,50,24426.0
Mombasa,2021,m,55,15615.0
Mombasa,2021,m,60,8717.0
Mombasa,2021,m,65,4540.0
Mombasa,2021,m,70,2451.0
Mombasa,2021,m,75,1170.0
Mombasa,2021,m,80,459.0
Mombasa,2021,m,85,174.0
Mombasa,2021,m,90,91.0
Murang'a,2021,f,00,11602.0
Murang'a,2021,f,01,45488.0
Murang'a,2021,f,05,56680.0
Murang'a,2021,f,10,56940.0
Murang'a,2021,f,15,52495.0
Murang'a,2021,f,20,36662.0
Murang'a,2021,f,25,32111.0
Murang'a,2021,f,30,34088.0
Murang'a,2021,f,35,37655.0
Murang'a,2021,f,40,32355.0
Murang'a,2021,f,45,30409.0
Murang'a,2021,f,50,27567.0
Murang'a,2021,f,55,22723.0
Murang'a,2021,f,60,15084.0
Murang'a,2021,f,65,12207.0
Murang'a,2021,f,70,9132.0
Murang'a,2021,f,75,7463.0
Murang'a,2021,f,80,5426.0
Murang'a,2021,f,85,2662.0
Murang'a,2021,f,90,1278.0
Murang'a,2021,m,00,11861.0
Murang'a,2021,m,01,46470.0
Murang'a,2021,m,05,57671.0
Murang'a,2021,m,10,58218.0
Murang'a,2021,m,15,55605.0
Murang'a,2021,m,20,39924.0
Murang'a,2021,m,25,32600.0
Murang'a,2021,m,30,36285.0
Murang'a,2021,m,35,37558.0
Murang'a,2021,m,40,32753.0
Murang'a,2021,m,45,29425.0
Murang'a,2021,m,50,24939.0
Murang'a,2021,m,55,20538.0
Murang'a,2021,m,60,13522.0
Murang'a,2021,m,65,10333.0
Murang'a,2021,m,70,8162.0
Murang'a,2021,m,75,4462.0
Murang'a,2021,m,80,2302.0
Murang'a,2021,m,85,1152.0
Murang'a,2021,m,90,606.0
Nairobi,2021,f,00,65935.0
Nairobi,2021,f,01,258518.0
Nairobi,2021,f,05,260091.0
Nairobi,2021,f,10,226343.0
Nairobi,2021,f,15,240384.0
Nairobi,2021,f,20,362306.0
Nairobi,2021,f,25,348141.0
Nairobi,2021,f,30,273161.0
Nairobi,2021,f,35,212827.0
Nairobi,2021,f,40,140461.0
Nairobi,2021,f,45,94885.0
Nairobi,2021,f,50,65982.0
Nairobi,2021,f,55,38985.0
Nairobi,2021,f,60,21213.0
Nairobi,2021,f,65,11614.0
Nairobi,2021,f,70,6440.0
Nairobi,2021,f,75,3833.0
Nairobi,2021,f,80,2250.0
Nairobi,2021,f,85,1112.0
Nairobi,2021,f,90,706.0
Nairobi,2021,m,00,67235.0
Nairobi,2021,m,01,263423.0
Nairobi,2021,m,05,257784.0
Nairobi,2021,m,10,213157.0
Nairobi,2021,m,15,190712.0
Nairobi,2021,m,20,303973.0
Nairobi,2021,m,25,341286.0
Nairobi,2021,m,30,302897.0
Nairobi,2021,m,35,236042.0
Nairobi,2021,m,40,168372.0
Nairobi,2021,m,45,122955.0
Nairobi,2021,m,50,86957.0
Nairobi,2021,m,55,53597.0
Nairobi,2021,m,60,26563.0
Nairobi,2021,m,65,13100.0
Nairobi,2021,m,70,7110.0
Nairobi,2021,m,75,3089.0
Nairobi,2021,m,80,1249.0
Nairobi,2021,m,85,514.0
Nairobi,2021,m,90,270.0
Nakuru,2021,f,00,32184.0
Nakuru,2021,f,01,126189.0
Nakuru,2021,f,05,148963.0
Nakuru,2021,f,10,150556.0
Nakuru,2021,f,15,136889.0
Nakuru,2021,f,20,119950.0
Nakuru,2021,f,25,103130.0
Nakuru,2021,f,30,93914.0
Nakuru,2021,f,35,78876.0
Nakuru,2021,f,40,60735.0
Nakuru,2021,f,45,51449.0
Nakuru,2021,f,50,40703.0
Nakuru,2021,f,55,29347.0
Nakuru,2021,f,60,18297.0
Nakuru,2021,f,65,12260.0
Nakuru,2021,f,70,8154.0
Nakuru,2021,f,75,6144.0
Nakuru,2021,f,80,4000.0
Nakuru,2021,f,85,1880.0
Nakuru,2021,f,90,1040.0
Nakuru,2021,m,00,33044.0
Nakuru,2021,m,01,129464.0
Nakuru,2021,m,05,152630.0
Nakuru,2021,m,10,150517.0
Nakuru,2021,m,15,135349.0
Nakuru,2021,m,20,121131.0
Nakuru,2021,m,25,99552.0
Nakuru,2021,m,30,93543.0
Nakuru,2021,m,35,80768.0
Nakuru,2021,m,40,64465.0
Nakuru,2021,m,45,52965.0
Nakuru,2021,m,50,40346.0
Nakuru,2021,m,55,28961.0
Nakuru,2021,m,60,17435.0
Nakuru,2021,m,65,11494.0
Nakuru,2021,m,70,7829.0
Nakuru,2021,m,75,4186.0
Nakuru,2021,m,80,2110.0
Nakuru,2021,m,85,1022.0
Nakuru,2021,m,90,559.0
Nandi,2021,f,00,11677.0
Nandi,2021,f,01,45783.0
Nandi,2021,f,05,60319.0
Nandi,2021,f,10,64193.0
Nandi,2021,f,15,58611.0
Nandi,2021,f,20,42645.0
Nandi,2021,f,25,35285.0
Nandi,2021,f,30,33766.0
Nandi,2021,f,35,24531.0
Nandi,2021,f,40,21622.0
Nandi,2021,f,45,19183.0
Nandi,2021,f,50,14831.0
Nandi,2021,f,55,11988.0
Nandi,2021,f,60,8089.0
Nandi,2021,f,65,5674.0
Nandi,2021,f,70,3499.0
Nandi,2021,f,75,2758.0
Nandi,2021,f,80,1902.0
Nandi,2021,f,85,904.0
Nandi,2021,f,90,503.0
Nandi,2021,m,00,11877.0
Nandi,2021,m,01,46534.0
Nandi,2021,m,05,61329.0
Nandi,2021,m,10,64517.0
Nandi,2021,m,15,58383.0
Nandi,2021,m,20,42902.0
Nandi,2021,m,25,33432.0
Nandi,2021,m,30,32810.0
Nandi,2021,m,35,27614.0
Nandi,2021,m,40,22794.0
Nandi,2021,m,45,19097.0
Nandi,2021,m,50,14001.0
Nandi,2021,m,55,11115.0
Nandi,2021,m,60,7749.0
Nandi,2021,m,65,4928.0
Nandi,2021,m,70,3308.0
Nandi,2021,m,75,2193.0
Nandi,2021,m,80,1203.0
Nandi,2021,m,85,547.0
Nandi,2021,m,90,278.0
Narok,2021,f,00,22996.0
Narok,2021,f,01,90161.0
Narok,2021,f,05,114864.0
Narok,2021,f,10,101861.0
Narok,2021,f,15,74290.0
Narok,2021,f,20,61428.0
Narok,2021,f,25,50515.0
Narok,2021,f,30,42186.0
Narok,2021,f,35,29777.0
Narok,2021,f,40,25354.0
Narok,2021,f,45,21370.0
Narok,2021,f,50,15792.0
Narok,2021,f,55,11862.0
Narok,2021,f,60,8435.0
Narok,2021,f,65,4761.0
Narok,2021,f,70,3486.0
Narok,2021,f,75,2169.0
Narok,2021,f,80,1417.0
Narok,2021,f,85,868.0
Narok,2021,f,90,596.0
Narok,2021,m,00,23387.0
Narok,2021,m,01,91627.0
Narok,2021,m,05,117470.0
Narok,2021,m,10,103342.0
Narok,2021,m,15,76893.0
Narok,2021,m,20,57759.0
Narok,2021,m,25,46849.0
Narok,2021,m,30,42495.0
Narok,2021,m,35,33226.0
Narok,2021,m,40,26212.0
Narok,2021,m,45,21945.0
Narok,2021,m,50,15918.0
Narok,2021,m,55,10966.0
Narok,2021,m,60,7625.0
Narok,2021,m,65,4696.0
Narok,2021,m,70,3293.0
Narok,2021,m,75,1889.0
Narok,2021,m,80,984.0
Narok,2021,m,85,494.0
Narok,2021,m,90,288.0
Nyamira,2021,f,00,6613.0
Nyamira,2021,f,01,25929.0
Nyamira,2021,f,05,37813.0
Nyamira,2021,f,10,43774.0
Nyamira,2021,f,15,35249.0
Nyamira,2021,f,20,23250.0
Nyamira,2021,f,25,22700.0
Nyamira,2021,f,30,24121.0
Nyamira,2021,f,35,16326.0
Nyamira,2021,f,40,14656.0
Nyamira,2021,f,45,13448.0
Nyamira,2021,f,50,8844.0
Nyamira,2021,f,55,10076.0
Nyamira,2021,f,60,7447.0
Nyamira,2021,f,65,4584.0
Nyamira,2021,f,70,3034.0
Nyamira,2021,f,75,1836.0
Nyamira,2021,f,80,1239.0
Nyamira,2021,f,85,749.0
Nyamira,2021,f,90,496.0
Nyamira,2021,m,00,6649.0
Nyamira,2021,m,01,26050.0
Nyamira,2021,m,05,38329.0
Nyamira,2021,m,10,43966.0
Nyamira,2021,m,15,34309.0
Nyamira,2021,m,20,20184.0
Nyamira,2021,m,25,17373.0
Nyamira,2021,m,30,18196.0
Nyamira,2021,m,35,15946.0
Nyamira,2021,m,40,13726.0
Nyamira,2021,m,45,11280.0
Nyamira,2021,m,50,8824.0
Nyamira,2021,m,55,9503.0
Nyamira,2021,m,60,6795.0
Nyamira,2021,m,65,3834.0
Nyamira,2021,m,70,2694.0
Nyamira,2021,m,75,1428.0
Nyamira,2021,m,80,744.0
Nyamira,2021,m,85,405.0
Nyamira,2021,m,90,260.0
Nyandarua,2021,f,00,7235.0
Nyandarua,2021,f,01,28369.0
Nyandarua,2021,f,05,36383.0
Nyandarua,2021,f,10,39036.0
Nyandarua,2021,f,15,37080.0
Nyandarua,2021,f,20,23653.0
Nyandarua,2021,f,25,19431.0
Nyandarua,2021,f,30,20753.0
Nyandarua,2021,f,35,21990.0
Nyandarua,2021,f,40,18674.0
Nyandarua,2021,f,45,17696.0
Nyandarua,2021,f,50,15994.0
Nyandarua,2021,f,55,11627.0
Nyandarua,2021,f,60,6768.0
Nyandarua,2021,f,65,4782.0
Nyandarua,2021,f,70,3688.0
Nyandarua,2021,f,75,3308.0
Nyandarua,2021,f,80,1966.0
Nyandarua,2021,f,85,764.0
Nyandarua,2021,f,90,391.0
Nyandarua,2021,m,00,7436.0
Nyandarua,2021,m,01,29134.0
Nyandarua,2021,m,05,37435.0
Nyandarua,2021,m,10,40618.0
Nyandarua,2021,m,15,38789.0
Nyandarua,2021,m,20,25122.0
Nyandarua,2021,m,25,19091.0
Nyandarua,2021,m,30,20007.0
Nyandarua,2021,m,35,20173.0
Nyandarua,2021,m,40,17144.0
Nyandarua,2021,m,45,15693.0
Nyandarua,2021,m,50,14111.0
Nyandarua,2021,m,55,10727.0
Nyandarua,2021,m,60,6258.0
Nyandarua,2021,m,65,4068.0
Nyandarua,2021,m,70,3050.0
Nyandarua,2021,m,75,1850.0
Nyandarua,2021,m,80,997.0
Nyandarua,2021,m,85,504.0
Nyandarua,2021,m,90,297.0
Nyeri,2021,f,00,7533.0
Nyeri,2021,f,01,29534.0
Nyeri,2021,f,05,36632.0
Nyeri,2021,f,10,36479.0
Nyeri,2021,f,15,36354.0
Nyeri,2021,f,20,28595.0
Nyeri,2021,f,25,24298.0
Nyeri,2021,f,30,26167.0
Nyeri,2021,f,35,29028.0
Nyeri,2021,f,40,24751.0
Nyeri,2021,f,45,22986.0
Nyeri,2021,f,50,22772.0
Nyeri,2021,f,55,16675.0
Nyeri,2021,f,60,10408.0
Nyeri,2021,f,65,7626.0
Nyeri,2021,f,70,6208.0
Nyeri,2021,f,75,5063.0
Nyeri,2021,f,80,3392.0
Nyeri,2021,f,85,1655.0
Nyeri,2021,f,90,910.0
Nyeri,2021,m,00,7781.0
Nyeri,2021,m,01,30487.0
Nyeri,2021,m,05,37203.0
Nyeri,2021,m,10,37359.0
Nyeri,2021,m,15,37409.0
Nyeri,2021,m,20,30575.0
Nyeri,2021,m,25,24448.0
Nyeri,2021,m,30,26726.0
Nyeri,2021,m,35,27828.0
Nyeri,2021,m,40,24038.0
Nyeri,2021,m,45,22036.0
Nyeri,2021,m,50,20444.0
Nyeri,2021,m,55,15803.0
Nyeri,2021,m,60,9327.0
Nyeri,2021,m,65,6566.0
Nyeri,2021,m,70,5457.0
Nyeri,2021,m,75,3006.0
Nyeri,2021,m,80,1539.0
Nyeri,2021,m,85,804.0
Nyeri,2021,m,90,473.0
Samburu,2021,f,00,6095.0
Samburu,2021,f,01,23896.0
Samburu,2021,f,05,29945.0
Samburu,2021,f,10,26157.0
Samburu,2021,f,15,19595.0
Samburu,2021,f,20,16714.0
Samburu,2021,f,25,12775.0
Samburu,2021,f,30,9978.0
Samburu,2021,f,35,6889.0
Samburu,2021,f,40,5578.0
Samburu,2021,f,45,5213.0
Samburu,2021,f,50,3770.0
Samburu,2021,f,55,2521.0
Samburu,2021,f,60,2598.0
Samburu,2021,f,65,1479.0
Samburu,2021,f,70,1218.0
Samburu,2021,f,75,696.0
Samburu,2021,f,80,423.0
Samburu,2021,f,85,284.0
Samburu,2021,f,90,222.0
Samburu,2021,m,00,6193.0
Samburu,2021,m,01,24264.0
Samburu,2021,m,05,30699.0
Samburu,2021,m,10,27733.0
Samburu,2021,m,15,22930.0
Samburu,2021,m,20,16981.0
Samburu,2021,m,25,12861.0
Samburu,2021,m,30,9843.0
Samburu,2021,m,35,6701.0
Samburu,2021,m,40,6214.0
Samburu,2021,m,45,4873.0
Samburu,2021,m,50,3409.0
Samburu,2021,m,55,2486.0
Samburu,2021,m,60,2269.0
Samburu,2021,m,65,1130.0
Samburu,2021,m,70,1082.0
Samburu,2021,m,75,610.0
Samburu,2021,m,80,300.0
Samburu,2021,m,85,174.0
Samburu,2021,m,90,121.0
Siaya,2021,f,00,13774.0
Siaya,2021,f,01,54007.0
Siaya,2021,f,05,74126.0
Siaya,2021,f,10,79208.0
Siaya,2021,f,15,65183.0
Siaya,2021,f,20,45485.0
Siaya,2021,f,25,38000.0
Siaya,2021,f,30,35992.0
Siaya,2021,f,35,27777.0
Siaya,2021,f,40,23258.0
Siaya,2021,f,45,18972.0
Siaya,2021,f,50,19281.0
Siaya,2021,f,55,16942.0
Siaya,2021,f,60,14432.0
Siaya,2021,f,65,10770.0
Siaya,2021,f,70,7335.0
Siaya,2021,f,75,5236.0
Siaya,2021,f,80,3378.0
Siaya,2021,f,85,1636.0
Siaya,2021,f,90,871.0
Siaya,2021,m,00,13876.0
Siaya,2021,m,01,54364.0
Siaya,2021,m,05,73873.0
Siaya,2021,m,10,78909.0
Siaya,2021,m,15,63974.0
Siaya,2021,m,20,40736.0
Siaya,2021,m,25,31521.0
Siaya,2021,m,30,31901.0
Siaya,2021,m,35,28035.0
Siaya,2021,m,40,21881.0
Siaya,2021,m,45,15921.0
Siaya,2021,m,50,13587.0
Siaya,2021,m,55,11341.0
Siaya,2021,m,60,9204.0
Siaya,2021,m,65,6778.0
Siaya,2021,m,70,5026.0
Siaya,2021,m,75,2790.0
Siaya,2021,m,80,1496.0
Siaya,2021,m,85,794.0
Siaya,2021,m,90,469.0
TaitaTaveta,2021,f,00,4392.0
TaitaTaveta,2021,f,01,17218.0
TaitaTaveta,2021,f,05,20062.0
TaitaTaveta,2021,f,10,20789.0
TaitaTaveta,2021,f,15,18942.0
TaitaTaveta,2021,f,20,15205.0
TaitaTaveta,2021,f,25,13299.0
TaitaTaveta,2021,f,30,12067.0
TaitaTaveta,2021,f,35,11705.0
TaitaTaveta,2021,f,40,9594.0
TaitaTaveta,2021,f,45,8766.0
TaitaTaveta,2021,f,50,7307.0
TaitaTaveta,2021,f,55,6179.0
TaitaTaveta,2021,f,60,4588.0
TaitaTaveta,2021,f,65,3162.0
TaitaTaveta,2021,f,70,2085.0
TaitaTaveta,2021,f,75,1405.0
TaitaTaveta,2021,f,80,979.0
TaitaTaveta,2021,f,85,571.0
TaitaTaveta,2021,f,90,393.0
TaitaTaveta,2021,m,00,4439.0
TaitaTaveta,2021,m,01,17389.0
TaitaTaveta,2021,m,05,20249.0
TaitaTaveta,2021,m,10,20937.0
TaitaTaveta,2021,m,15,19250.0
TaitaTaveta,2021,m,20,16398.0
TaitaTaveta,2021,m,25,14550.0
TaitaTaveta,2021,m,30,14185.0
TaitaTaveta,2021,m,35,13479.0
TaitaTaveta,2021,m,40,11040.0
TaitaTaveta,2021,m,45,9563.0
TaitaTaveta,2021,m,50,8012.0
TaitaTaveta,2021,m,55,5986.0
TaitaTaveta,2021,m,60,4344.0
TaitaTaveta,2021,m,65,2897.0
TaitaTaveta,2021,m,70,1815.0
TaitaTaveta,2021,m,75,1036.0
TaitaTaveta,2021,m,80,529.0
TaitaTaveta,2021,m,85,246.0
TaitaTaveta,2021,m,90,135.0
TanaRiver,2021,f,00,11174.0
TanaRiver,2021,f,01,43811.0
TanaRiver,2021,f,05,53715.0
TanaRiver,2021,f,10,46977.0
TanaRiver,2021,f,15,35632.0
TanaRiver,2021,f,20,29446.0
TanaRiver,2021,f,25,24391.0
TanaRiver,2021,f,30,18545.0
TanaRiver,2021,f,35,15486.0
TanaRiver,2021,f,40,11879.0
TanaRiver,2021,f,45,9670.0
TanaRiver,2021,f,50,7978.0
TanaRiver,2021,f,55,5505.0
TanaRiver,2021,f,60,4988.0
TanaRiver,2021,f,65,2738.0
TanaRiver,2021,f,70,2045.0
TanaRiver,2021,f,75,1005.0
TanaRiver,2021,f,80,597.0
TanaRiver,2021,f,85,492.0
TanaRiver,2021,f,90,472.0
TanaRiver,2021,m,00,11947.0
TanaRiver,2021,m,01,46807.0
TanaRiver,2021,m,05,58098.0
TanaRiver,2021,m,10,50629.0
TanaRiver,2021,m,15,37852.0
TanaRiver,2021,m,20,29950.0
TanaRiver,2021,m,25,22691.0
TanaRiver,2021,m,30,18435.0
TanaRiver,2021,m,35,15699.0
TanaRiver,2021,m,40,13099.0
TanaRiver,2021,m,45,10136.0
TanaRiver,2021,m,50,8690.0
TanaRiver,2021,m,55,6197.0
TanaRiver,2021,m,60,5213.0
TanaRiver,2021,m,65,2577.0
TanaRiver,2021,m,70,1997.0
TanaRiver,2021,m,75,1042.0
TanaRiver,2021,m,80,534.0
TanaRiver,2021,m,85,352.0
TanaRiver,2021,m,90,260.0
Tharaka-Nithi,2021,f,00,3648.0
Tharaka-Nithi,2021,f,01,14305.0
Tharaka-Nithi,2021,f,05,18480.0
Tharaka-Nithi,2021,f,10,20137.0
Tharaka-Nithi,2021,f,15,18890.0
Tharaka-Nithi,2021,f,20,13488.0
Tharaka-Nithi,2021,f,25,11302.0
Tharaka-Nithi,2021,f,30,11525.0
Tharaka-Nithi,2021,f,35,11267.0
Tharaka-Nithi,2021,f,40,9161.0
Tharaka-Nithi,2021,f,45,9048.0
Tharaka-Nithi,2021,f,50,6575.0
Tharaka-Nithi,2021,f,55,6003.0
Tharaka-Nithi,2021,f,60,4411.0
Tharaka-Nithi,2021,f,65,3349.0
Tharaka-Nithi,2021,f,70,2478.0
Tharaka-Nithi,2021,f,75,1579.0
Tharaka-Nithi,2021,f,80,1163.0
Tharaka-Nithi,2021,f,85,759.0
Tharaka-Nithi,2021,f,90,511.0
Tharaka-Nithi,2021,m,00,3662.0
Tharaka-Nithi,2021,m,01,14347.0
Tharaka-Nithi,2021,m,05,18694.0
Tharaka-Nithi,2021,m,10,20148.0
Tharaka-Nithi,2021,m,15,18474.0
Tharaka-Nithi,2021,m,20,13495.0
Tharaka-Nithi,2021,m,25,11199.0
Tharaka-Nithi,2021,m,30,11495.0
Tharaka-Nithi,2021,m,35,11070.0
Tharaka-Nithi,2021,m,40,9281.0
Tharaka-Nithi,2021,m,45,8490.0
Tharaka-Nithi,2021,m,50,6597.0
Tharaka-Nithi,2021,m,55,5779.0
Tharaka-Nithi,2021,m,60,4234.0
Tharaka-Nithi,2021,m,65,2816.0
Tharaka-Nithi,2021,m,70,2011.0
Tharaka-Nithi,2021,m,75,1148.0
Tharaka-Nithi,2021,m,80,647.0
Tharaka-Nithi,2021,m,85,359.0
Tharaka-Nithi,2021,m,90,224.0
TransNzoia,2021,f,00,14323.0
TransNzoia,2021,f,01,56157.0
TransNzoia,2021,f,05,75011.0
TransNzoia,2021,f,10,76710.0
TransNzoia,2021,f,15,66856.0
TransNzoia,2021,f,20,45775.0
TransNzoia,2021,f,25,37018.0
TransNzoia,2021,f,30,33644.0
TransNzoia,2021,f,35,26731.0
TransNzoia,2021,f,40,24133.0
TransNzoia,2021,f,45,19085.0
TransNzoia,2021,f,50,16390.0
TransNzoia,2021,f,55,13228.0
TransNzoia,2021,f,60,9034.0
TransNzoia,2021,f,65,5651.0
TransNzoia,2021,f,70,3533.0
TransNzoia,2021,f,75,2575.0
TransNzoia,2021,f,80,1657.0
TransNzoia,2021,f,85,787.0
TransNzoia,2021,f,90,442.0
TransNzoia,2021,m,00,14657.0
TransNzoia,2021,m,01,57426.0
TransNzoia,2021,m,05,75505.0
TransNzoia,2021,m,10,76631.0
TransNzoia,2021,m,15,67111.0
TransNzoia,2021,m,20,44751.0
TransNzoia,2021,m,25,34083.0
TransNzoia,2021,m,30,32335.0
TransNzoia,2021,m,35,27652.0
TransNzoia,2021,m,40,23283.0
TransNzoia,2021,m,45,18324.0
TransNzoia,2021,m,50,14666.0
TransNzoia,2021,m,55,11724.0
TransNzoia,2021,m,60,8391.0
TransNzoia,2021,m,65,5036.0
TransNzoia,2021,m,70,3300.0
TransNzoia,2021,m,75,1856.0
TransNzoia,2021,m,80,972.0
TransNzoia,2021,m,85,484.0
TransNzoia,2021,m,90,272.0
Turkana,2021,f,00,14671.0
Turkana,2021,f,01,57522.0
Turkana,2021,f,05,75504.0
Turkana,2021,f,10,70065.0
Turkana,2021,f,15,58250.0
Turkana,2021,f,20,45452.0
Turkana,2021,f,25,38195.0
Turkana,2021,f,30,29191.0
Turkana,2021,f,35,23915.0
Turkana,2021,f,40,18054.0
Turkana,2021,f,45,13500.0
Turkana,2021,f,50,10464.0
Turkana,2021,f,55,7051.0
Turkana,2021,f,60,6306.0
Turkana,2021,f,65,4062.0
Turkana,2021,f,70,3086.0
Turkana,2021,f,75,1759.0
Turkana,2021,f,80,894.0
Turkana,2021,f,85,448.0
Turkana,2021,f,90,318.0
Turkana,2021,m,00,14969.0
Turkana,2021,m,01,58649.0
Turkana,2021,m,05,78840.0
Turkana,2021,m,10,77217.0
Turkana,2021,m,15,71629.0
Turkana,2021,m,20,56439.0
Turkana,2021,m,25,42208.0
Turkana,2021,m,30,30395.0
Turkana,2021,m,35,22526.0
Turkana,2021,m,40,18154.0
Turkana,2021,m,45,13077.0
Turkana,2021,m,50,10484.0
Turkana,2021,m,55,6266.0
Turkana,2021,m,60,5211.0
Turkana,2021,m,65,2994.0
Turkana,2021,m,70,2430.0
Turkana,2021,m,75,1292.0
Turkana,2021,m,80,547.0
Turkana,2021,m,85,257.0
Turkana,2021,m,90,173.0
UasinGishu,2021,f,00,16421.0
UasinGishu,2021,f,01,64382.0
UasinGishu,2021,f,05,77609.0
UasinGishu,2021,f,10,80509.0
UasinGishu,2021,f,15,77304.0
UasinGishu,2021,f,20,71618.0
UasinGishu,2021,f,25,58115.0
UasinGishu,2021,f,30,49665.0
UasinGishu,2021,f,35,39702.0
UasinGishu,2021,f,40,31273.0
UasinGishu,2021,f,45,25908.0
UasinGishu,2021,f,50,18629.0
UasinGishu,2021,f,55,14330.0
UasinGishu,2021,f,60,9073.0
UasinGishu,2021,f,65,5929.0
UasinGishu,2021,f,70,3553.0
UasinGishu,2021,f,75,2894.0
UasinGishu,2021,f,80,1946.0
UasinGishu,2021,f,85,872.0
UasinGishu,2021,f,90,467.0
UasinGishu,2021,m,00,16647.0
UasinGishu,2021,m,01,65222.0
UasinGishu,2021,m,05,79204.0
UasinGishu,2021,m,10,79087.0
UasinGishu,2021,m,15,73812.0
UasinGishu,2021,m,20,70764.0
UasinGishu,2021,m,25,58796.0
UasinGishu,2021,m,30,51277.0
UasinGishu,2021,m,35,42780.0
UasinGishu,2021,m,40,33476.0
UasinGishu,2021,m,45,27097.0
UasinGishu,2021,m,50,19385.0
UasinGishu,2021,m,55,14077.0
UasinGishu,2021,m,60,8797.0
UasinGishu,2021,m,65,5360.0
UasinGishu,2021,m,70,3444.0
UasinGishu,2021,m,75,2104.0
UasinGishu,2021,m,80,1116.0
UasinGishu,2021,m,85,513.0
UasinGishu,2021,m,90,266.0
Vihiga,2021,f,00,6662.0
Vihiga,2021,f,01,26120.0
Vihiga,2021,f,05,37952.0
Vihiga,2021,f,10,41904.0
Vihiga,2021,f,15,36709.0
Vihiga,2021,f,20,21175.0
Vihiga,2021,f,25,16761.0
Vihiga,2021,f,30,16712.0
Vihiga,2021,f,35,15243.0
Vihiga,2021,f,40,13705.0
Vihiga,2021,f,45,11909.0
Vihiga,2021,f,50,12024.0
Vihiga,2021,f,55,10635.0
Vihiga,2021,f,60,8919.0
Vihiga,2021,f,65,6446.0
Vihiga,2021,f,70,4174.0
Vihiga,2021,f,75,3339.0
Vihiga,2021,f,80,2260.0
Vihiga,2021,f,85,1055.0
Vihiga,2021,f,90,555.0
Vihiga,2021,m,00,6606.0
Vihiga,2021,m,01,25881.0
Vihiga,2021,m,05,37607.0
Vihiga,2021,m,10,41063.0
Vihiga,2021,m,15,36152.0
Vihiga,2021,m,20,21108.0
Vihiga,2021,m,25,14474.0
Vihiga,2021,m,30,14753.0
Vihiga,2021,m,35,14010.0
Vihiga,2021,m,40,12177.0
Vihiga,2021,m,45,10549.0
Vihiga,2021,m,50,9489.0
Vihiga,2021,m,55,8271.0
Vihiga,2021,m,60,7139.0
Vihiga,2021,m,65,5223.0
Vihiga,2021,m,70,3821.0
Vihiga,2021,m,75,2211.0
Vihiga,2021,m,80,1168.0
Vihiga,2021,m,85,584.0
Vihiga,2021,m,90,324.0
Wajir,2021,f,00,13725.0
Wajir,2021,f,01,53814.0
Wajir,2021,f,05,71074.0
Wajir,2021,f,10,61691.0
Wajir,2021,f,15,46568.0
Wajir,2021,f,20,33150.0
Wajir,2021,f,25,29775.0
Wajir,2021,f,30,23622.0
Wajir,2021,f,35,19211.0
Wajir,2021,f,40,14339.0
Wajir,2021,f,45,7363.0
Wajir,2021,f,50,6328.0
Wajir,2021,f,55,3456.0
Wajir,2021,f,60,2809.0
Wajir,2021,f,65,1253.0
Wajir,2021,f,70,1101.0
Wajir,2021,f,75,474.0
Wajir,2021,f,80,271.0
Wajir,2021,f,85,259.0
Wajir,2021,f,90,340.0
Wajir,2021,m,00,13856.0
Wajir,2021,m,01,54288.0
Wajir,2021,m,05,74722.0
Wajir,2021,m,10,75088.0
Wajir,2021,m,15,60906.0
Wajir,2021,m,20,37148.0
Wajir,2021,m,25,29425.0
Wajir,2021,m,30,25758.0
Wajir,2021,m,35,18837.0
Wajir,2021,m,40,18174.0
Wajir,2021,m,45,10363.0
Wajir,2021,m,50,10672.0
Wajir,2021,m,55,5300.0
Wajir,2021,m,60,5029.0
Wajir,2021,m,65,1989.0
Wajir,2021,m,70,1707.0
Wajir,2021,m,75,845.0
Wajir,2021,m,80,383.0
Wajir,2021,m,85,246.0
Wajir,2021,m,90,219.0
WestPokot,2021,f,00,13454.0
WestPokot,2021,f,01,52745.0
WestPokot,2021,f,05,61091.0
WestPokot,2021,f,10,53054.0
WestPokot,2021,f,15,40275.0
WestPokot,2021,f,20,31841.0
WestPokot,2021,f,25,24412.0
WestPokot,2021,f,30,19619.0
WestPokot,2021,f,35,13860.0
WestPokot,2021,f,40,11743.0
WestPokot,2021,f,45,10503.0
WestPokot,2021,f,50,7876.0
WestPokot,2021,f,55,5331.0
WestPokot,2021,f,60,4854.0
WestPokot,2021,f,65,3611.0
WestPokot,2021,f,70,2420.0
WestPokot,2021,f,75,1377.0
WestPokot,2021,f,80,794.0
WestPokot,2021,f,85,438.0
WestPokot,2021,f,90,325.0
WestPokot,2021,m,00,13643.0
WestPokot,2021,m,01,53448.0
WestPokot,2021,m,05,61285.0
WestPokot,2021,m,10,52954.0
WestPokot,2021,m,15,40576.0
WestPokot,2021,m,20,30270.0
WestPokot,2021,m,25,23792.0
WestPokot,2021,m,30,20116.0
WestPokot,2021,m,35,14170.0
WestPokot,2021,m,40,11658.0
WestPokot,2021,m,45,10384.0
WestPokot,2021,m,50,7514.0
WestPokot,2021,m,55,5128.0
WestPokot,2021,m,60,3963.0
WestPokot,2021,m,65,2748.0
WestPokot,2021,m,70,2011.0
WestPokot,2021,m,75,1011.0
WestPokot,2021,m,80,444.0
WestPokot,2021,m,85,204.0
WestPokot,2021,m,90,122.0
Baringo,2022,f,00,10172.0
Baringo,2022,f,01,39410.0
Baringo,2022,f,05,49578.0
Baringo,2022,f,10,49933.0
Baringo,2022,f,15,42178.0
Baringo,2022,f,20,32279.0
Baringo,2022,f,25,24650.0
Baringo,2022,f,30,19877.0
Baringo,2022,f,35,16001.0
Baringo,2022,f,40,13187.0
Baringo,2022,f,45,12097.0
Baringo,2022,f,50,10074.0
Baringo,2022,f,55,7357.0
Baringo,2022,f,60,5680.0
Baringo,2022,f,65,4076.0
Baringo,2022,f,70,2780.0
Baringo,2022,f,75,1722.0
Baringo,2022,f,80,1148.0
Baringo,2022,f,85,731.0
Baringo,2022,f,90,564.0
Baringo,2022,m,00,10669.0
Baringo,2022,m,01,41309.0
Baringo,2022,m,05,51929.0
Baringo,2022,m,10,52349.0
Baringo,2022,m,15,44673.0
Baringo,2022,m,20,33524.0
Baringo,2022,m,25,24181.0
Baringo,2022,m,30,20435.0
Baringo,2022,m,35,16696.0
Baringo,2022,m,40,13426.0
Baringo,2022,m,45,11496.0
Baringo,2022,m,50,9037.0
Baringo,2022,m,55,7001.0
Baringo,2022,m,60,5449.0
Baringo,2022,m,65,3684.0
Baringo,2022,m,70,2608.0
Baringo,2022,m,75,1359.0
Baringo,2022,m,80,652.0
Baringo,2022,m,85,356.0
Baringo,2022,m,90,235.0
Bomet,2022,f,00,12371.0
Bomet,2022,f,01,47927.0
Bomet,2022,f,05,63112.0
Bomet,2022,f,10,68536.0
Bomet,2022,f,15,61174.0
Bomet,2022,f,20,45932.0
Bomet,2022,f,25,37053.0
Bomet,2022,f,30,34424.0
Bomet,2022,f,35,20827.0
Bomet,2022,f,40,20031.0
Bomet,2022,f,45,18762.0
Bomet,2022,f,50,12103.0
Bomet,2022,f,55,11044.0
Bomet,2022,f,60,7653.0
Bomet,2022,f,65,5166.0
Bomet,2022,f,70,3373.0
Bomet,2022,f,75,2498.0
Bomet,2022,f,80,1865.0
Bomet,2022,f,85,1080.0
Bomet,2022,f,90,626.0
Bomet,2022,m,00,12796.0
Bomet,2022,m,01,49544.0
Bomet,2022,m,05,65636.0
Bomet,2022,m,10,68199.0
Bomet,2022,m,15,61253.0
Bomet,2022,m,20,43640.0
Bomet,2022,m,25,33983.0
Bomet,2022,m,30,31798.0
Bomet,2022,m,35,26126.0
Bomet,2022,m,40,21016.0
Bomet,2022,m,45,18410.0
Bomet,2022,m,50,11754.0
Bomet,2022,m,55,9719.0
Bomet,2022,m,60,7091.0
Bomet,2022,m,65,4482.0
Bomet,2022,m,70,3042.0
Bomet,2022,m,75,1672.0
Bomet,2022,m,80,873.0
Bomet,2022,m,85,493.0
Bomet,2022,m,90,306.0
Bungoma,2022,f,00,28599.0
Bungoma,2022,f,01,110795.0
Bungoma,2022,f,05,152672.0
Bungoma,2022,f,10,162358.0
Bungoma,2022,f,15,139837.0
Bungoma,2022,f,20,91418.0
Bungoma,2022,f,25,71329.0
Bungoma,2022,f,30,66209.0
Bungoma,2022,f,35,50426.0
Bungoma,2022,f,40,46978.0
Bungoma,2022,f,45,38018.0
Bungoma,2022,f,50,34106.0
Bungoma,2022,f,55,29118.0
Bungoma,2022,f,60,20704.0
Bungoma,2022,f,65,13205.0
Bungoma,2022,f,70,7800.0
Bungoma,2022,f,75,5847.0
Bungoma,2022,f,80,3733.0
Bungoma,2022,f,85,1755.0
Bungoma,2022,f,90,981.0
Bungoma,2022,m,00,28548.0
Bungoma,2022,m,01,110531.0
Bungoma,2022,m,05,153434.0
Bungoma,2022,m,10,159499.0
Bungoma,2022,m,15,138679.0
Bungoma,2022,m,20,86934.0
Bungoma,2022,m,25,62342.0
Bungoma,2022,m,30,58980.0
Bungoma,2022,m,35,49868.0
Bungoma,2022,m,40,42185.0
Bungoma,2022,m,45,35313.0
Bungoma,2022,m,50,28099.0
Bungoma,2022,m,55,24636.0
Bungoma,2022,m,60,17616.0
Bungoma,2022,m,65,10317.0
Bungoma,2022,m,70,6195.0
Bungoma,2022,m,75,3929.0
Bungoma,2022,m,80,2057.0
Bungoma,2022,m,85,1014.0
Bungoma,2022,m,90,591.0
Busia,2022,f,00,12817.0
Busia,2022,f,01,49649.0
Busia,2022,f,05,67318.0
Busia,2022,f,10,73121.0
Busia,2022,f,15,65788.0
Busia,2022,f,20,43817.0
Busia,2022,f,25,34326.0
Busia,2022,f,30,31069.0
Busia,2022,f,35,23734.0
Busia,2022,f,40,21160.0
Busia,2022,f,45,16825.0
Busia,2022,f,50,17105.0
Busia,2022,f,55,14307.0
Busia,2022,f,60,10559.0
Busia,2022,f,65,6962.0
Busia,2022,f,70,4457.0
Busia,2022,f,75,3128.0
Busia,2022,f,80,2005.0
Busia,2022,f,85,1038.0
Busia,2022,f,90,627.0
Busia,2022,m,00,12742.0
Busia,2022,m,01,49328.0
Busia,2022,m,05,65765.0
Busia,2022,m,10,70909.0
Busia,2022,m,15,63375.0
Busia,2022,m,20,40372.0
Busia,2022,m,25,28146.0
Busia,2022,m,30,26497.0
Busia,2022,m,35,23300.0
Busia,2022,m,40,19155.0
Busia,2022,m,45,14677.0
Busia,2022,m,50,12881.0
Busia,2022,m,55,10959.0
Busia,2022,m,60,7934.0
Busia,2022,m,65,4910.0
Busia,2022,m,70,3327.0
Busia,2022,m,75,2061.0
Busia,2022,m,80,1068.0
Busia,2022,m,85,548.0
Busia,2022,m,90,322.0
Elgeyo-Marakwet,2022,f,00,6115.0
Elgeyo-Marakwet,2022,f,01,23690.0
Elgeyo-Marakwet,2022,f,05,29886.0
Elgeyo-Marakwet,2022,f,10,30492.0
Elgeyo-Marakwet,2022,f,15,27270.0
Elgeyo-Marakwet,2022,f,20,20511.0
Elgeyo-Marakwet,2022,f,25,15749.0
Elgeyo-Marakwet,2022,f,30,13465.0
Elgeyo-Marakwet,2022,f,35,10531.0
Elgeyo-Marakwet,2022,f,40,9012.0
Elgeyo-Marakwet,2022,f,45,8359.0
Elgeyo-Marakwet,2022,f,50,6070.0
Elgeyo-Marakwet,2022,f,55,5313.0
Elgeyo-Marakwet,2022,f,60,3897.0
Elgeyo-Marakwet,2022,f,65,2760.0
Elgeyo-Marakwet,2022,f,70,1930.0
Elgeyo-Marakwet,2022,f,75,1367.0
Elgeyo-Marakwet,2022,f,80,892.0
Elgeyo-Marakwet,2022,f,85,479.0
Elgeyo-Marakwet,2022,f,90,304.0
Elgeyo-Marakwet,2022,m,00,6195.0
Elgeyo-Marakwet,2022,m,01,23987.0
Elgeyo-Marakwet,2022,m,05,30781.0
Elgeyo-Marakwet,2022,m,10,30239.0
Elgeyo-Marakwet,2022,m,15,27276.0
Elgeyo-Marakwet,2022,m,20,21708.0
Elgeyo-Marakwet,2022,m,25,15985.0
Elgeyo-Marakwet,2022,m,30,13648.0
Elgeyo-Marakwet,2022,m,35,11470.0
Elgeyo-Marakwet,2022,m,40,9352.0
Elgeyo-Marakwet,2022,m,45,8312.0
Elgeyo-Marakwet,2022,m,50,5593.0
Elgeyo-Marakwet,2022,m,55,5024.0
Elgeyo-Marakwet,2022,m,60,3638.0
Elgeyo-Marakwet,2022,m,65,2587.0
Elgeyo-Marakwet,2022,m,70,1639.0
Elgeyo-Marakwet,2022,m,75,1001.0
Elgeyo-Marakwet,2022,m,80,496.0
Elgeyo-Marakwet,2022,m,85,232.0
Elgeyo-Marakwet,2022,m,90,134.0
Embu,2022,f,00,6969.0
Embu,2022,f,01,27001.0
Embu,2022,f,05,32339.0
Embu,2022,f,10,35839.0
Embu,2022,f,15,35538.0
Embu,2022,f,20,28329.0
Embu,2022,f,25,23345.0
Embu,2022,f,30,24028.0
Embu,2022,f,35,24796.0
Embu,2022,f,40,20344.0
Embu,2022,f,45,17928.0
Embu,2022,f,50,16380.0
Embu,2022,f,55,13330.0
Embu,2022,f,60,8499.0
Embu,2022,f,65,6517.0
Embu,2022,f,70,4356.0
Embu,2022,f,75,2836.0
Embu,2022,f,80,2284.0
Embu,2022,f,85,1607.0
Embu,2022,f,90,1046.0
Embu,2022,m,00,7181.0
Embu,2022,m,01,27806.0
Embu,2022,m,05,32784.0
Embu,2022,m,10,36184.0
Embu,2022,m,15,36077.0
Embu,2022,m,20,30570.0
Embu,2022,m,25,25721.0
Embu,2022,m,30,25814.0
Embu,2022,m,35,25969.0
Embu,2022,m,40,21321.0
Embu,2022,m,45,17761.0
Embu,2022,m,50,15032.0
Embu,2022,m,55,12460.0
Embu,2022,m,60,7789.0
Embu,2022,m,65,5707.0
Embu,2022,m,70,3254.0
Embu,2022,m,75,1932.0
Embu,2022,m,80,1168.0
Embu,2022,m,85,661.0
Embu,2022,m,90,369.0
Garissa,2022,f,00,15479.0
Garissa,2022,f,01,59968.0
Garissa,2022,f,05,82224.0
Garissa,2022,f,10,73810.0
Garissa,2022,f,15,61231.0
Garissa,2022,f,20,46334.0
Garissa,2022,f,25,39155.0
Garissa,2022,f,30,28831.0
Garissa,2022,f,35,27124.0
Garissa,2022,f,40,20856.0
Garissa,2022,f,45,11709.0
Garissa,2022,f,50,11383.0
Garissa,2022,f,55,4537.0
Garissa,2022,f,60,5714.0
Garissa,2022,f,65,1942.0
Garissa,2022,f,70,2483.0
Garissa,2022,f,75,977.0
Garissa,2022,f,80,652.0
Garissa,2022,f,85,1115.0
Garissa,2022,f,90,1312.0
Garissa,2022,m,00,17169.0
Garissa,2022,m,01,66478.0
Garissa,2022,m,05,94484.0
Garissa,2022,m,10,93569.0
Garissa,2022,m,15,75674.0
Garissa,2022,m,20,53924.0
Garissa,2022,m,25,34369.0
Garissa,2022,m,30,28094.0
Garissa,2022,m,35,22935.0
Garissa,2022,m,40,23809.0
Garissa,2022,m,45,14633.0
Garissa,2022,m,50,16223.0
Garissa,2022,m,55,7269.0
Garissa,2022,m,60,8150.0
Garissa,2022,m,65,2692.0
Garissa,2022,m,70,3154.0
Garissa,2022,m,75,1271.0
Garissa,2022,m,80,710.0
Garissa,2022,m,85,911.0
Garissa,2022,m,90,790.0
HomaBay,2022,f,00,16825.0
HomaBay,2022,f,01,65184.0
HomaBay,2022,f,05,84440.0
HomaBay,2022,f,10,90649.0
HomaBay,2022,f,15,73850.0
HomaBay,2022,f,20,53922.0
HomaBay,2022,f,25,43030.0
HomaBay,2022,f,30,41151.0
HomaBay,2022,f,35,28090.0
HomaBay,2022,f,40,24454.0
HomaBay,2022,f,45,19838.0
HomaBay,2022,f,50,16403.0
HomaBay,2022,f,55,15690.0
HomaBay,2022,f,60,12755.0
HomaBay,2022,f,65,9053.0
HomaBay,2022,f,70,5973.0
HomaBay,2022,f,75,3853.0
HomaBay,2022,f,80,2384.0
HomaBay,2022,f,85,1263.0
HomaBay,2022,f,90,780.0
HomaBay,2022,m,00,17002.0
HomaBay,2022,m,01,65832.0
HomaBay,2022,m,05,83920.0
HomaBay,2022,m,10,89923.0
HomaBay,2022,m,15,72014.0
HomaBay,2022,m,20,47459.0
HomaBay,2022,m,25,34821.0
HomaBay,2022,m,30,33174.0
HomaBay,2022,m,35,29341.0
HomaBay,2022,m,40,22927.0
HomaBay,2022,m,45,15675.0
HomaBay,2022,m,50,12169.0
HomaBay,2022,m,55,10893.0
HomaBay,2022,m,60,8813.0
HomaBay,2022,m,65,6079.0
HomaBay,2022,m,70,4169.0
HomaBay,2022,m,75,2303.0
HomaBay,2022,m,80,1160.0
HomaBay,2022,m,85,639.0
HomaBay,2022,m,90,422.0
Isiolo,2022,f,00,6217.0
Isiolo,2022,f,01,24085.0
Isiolo,2022,f,05,29075.0
Isiolo,2022,f,10,26515.0
Isiolo,2022,f,15,21763.0
Isiolo,2022,f,20,17514.0
Isiolo,2022,f,25,14113.0
Isiolo,2022,f,30,12155.0
Isiolo,2022,f,35,9459.0
Isiolo,2022,f,40,6638.0
Isiolo,2022,f,45,5129.0
Isiolo,2022,f,50,4260.0
Isiolo,2022,f,55,3630.0
Isiolo,2022,f,60,2793.0
Isiolo,2022,f,65,1528.0
Isiolo,2022,f,70,1188.0
Isiolo,2022,f,75,623.0
Isiolo,2022,f,80,426.0
Isiolo,2022,f,85,359.0
Isiolo,2022,f,90,318.0
Isiolo,2022,m,00,6359.0
Isiolo,2022,m,01,24620.0
Isiolo,2022,m,05,30713.0
Isiolo,2022,m,10,29444.0
Isiolo,2022,m,15,25733.0
Isiolo,2022,m,20,19243.0
Isiolo,2022,m,25,15366.0
Isiolo,2022,m,30,13957.0
Isiolo,2022,m,35,10822.0
Isiolo,2022,m,40,8345.0
Isiolo,2022,m,45,5795.0
Isiolo,2022,m,50,5070.0
Isiolo,2022,m,55,3700.0
Isiolo,2022,m,60,3404.0
Isiolo,2022,m,65,1658.0
Isiolo,2022,m,70,1271.0
Isiolo,2022,m,75,678.0
Isiolo,2022,m,80,341.0
Isiolo,2022,m,85,225.0
Isiolo,2022,m,90,168.0
Kajiado,2022,f,00,21147.0
Kajiado,2022,f,01,81916.0
Kajiado,2022,f,05,91255.0
Kajiado,2022,f,10,82112.0
Kajiado,2022,f,15,70760.0
Kajiado,2022,f,20,84713.0
Kajiado,2022,f,25,77107.0
Kajiado,2022,f,30,62249.0
Kajiado,2022,f,35,48946.0
Kajiado,2022,f,40,34926.0
Kajiado,2022,f,45,26470.0
Kajiado,2022,f,50,20333.0
Kajiado,2022,f,55,12900.0
Kajiado,2022,f,60,8609.0
Kajiado,2022,f,65,4856.0
Kajiado,2022,f,70,3125.0
Kajiado,2022,f,75,1921.0
Kajiado,2022,f,80,1231.0
Kajiado,2022,f,85,749.0
Kajiado,2022,f,90,531.0
Kajiado,2022,m,00,21678.0
Kajiado,2022,m,01,83925.0
Kajiado,2022,m,05,92649.0
Kajiado,2022,m,10,78861.0
Kajiado,2022,m,15,65110.0
Kajiado,2022,m,20,75120.0
Kajiado,2022,m,25,75336.0
Kajiado,2022,m,30,67027.0
Kajiado,2022,m,35,54791.0
Kajiado,2022,m,40,38832.0
Kajiado,2022,m,45,30678.0
Kajiado,2022,m,50,23042.0
Kajiado,2022,m,55,14205.0
Kajiado,2022,m,60,8523.0
Kajiado,2022,m,65,4673.0
Kajiado,2022,m,70,2979.0
Kajiado,2022,m,75,1607.0
Kajiado,2022,m,80,757.0
Kajiado,2022,m,85,385.0
Kajiado,2022,m,90,230.0
Kakamega,2022,f,00,20854.0
Kakamega,2022,f,01,80793.0
Kakamega,2022,f,05,115054.0
Kakamega,2022,f,10,125186.0
Kakamega,2022,f,15,108721.0
Kakamega,2022,f,20,69187.0
Kakamega,2022,f,25,55262.0
Kakamega,2022,f,30,54357.0
Kakamega,2022,f,35,41597.0
Kakamega,2022,f,40,38380.0
Kakamega,2022,f,45,31109.0
Kakamega,2022,f,50,30029.0
Kakamega,2022,f,55,24917.0
Kakamega,2022,f,60,19398.0
Kakamega,2022,f,65,12881.0
Kakamega,2022,f,70,7683.0
Kakamega,2022,f,75,5989.0
Kakamega,2022,f,80,3586.0
Kakamega,2022,f,85,1513.0
Kakamega,2022,f,90,776.0
Kakamega,2022,m,00,20739.0
Kakamega,2022,m,01,80302.0
Kakamega,2022,m,05,114640.0
Kakamega,2022,m,10,121634.0
Kakamega,2022,m,15,105501.0
Kakamega,2022,m,20,65103.0
Kakamega,2022,m,25,45379.0
Kakamega,2022,m,30,45278.0
Kakamega,2022,m,35,40361.0
Kakamega,2022,m,40,34423.0
Kakamega,2022,m,45,27665.0
Kakamega,2022,m,50,23766.0
Kakamega,2022,m,55,20334.0
Kakamega,2022,m,60,15526.0
Kakamega,2022,m,65,9953.0
Kakamega,2022,m,70,6494.0
Kakamega,2022,m,75,3869.0
Kakamega,2022,m,80,1921.0
Kakamega,2022,m,85,940.0
Kakamega,2022,m,90,527.0
Kericho,2022,f,00,12060.0
Kericho,2022,f,01,46723.0
Kericho,2022,f,05,60492.0
Kericho,2022,f,10,65208.0
Kericho,2022,f,15,58768.0
Kericho,2022,f,20,46699.0
Kericho,2022,f,25,39211.0
Kericho,2022,f,30,36088.0
Kericho,2022,f,35,23534.0
Kericho,2022,f,40,21178.0
Kericho,2022,f,45,18990.0
Kericho,2022,f,50,13121.0
Kericho,2022,f,55,11925.0
Kericho,2022,f,60,8378.0
Kericho,2022,f,65,5354.0
Kericho,2022,f,70,3256.0
Kericho,2022,f,75,2186.0
Kericho,2022,f,80,1601.0
Kericho,2022,f,85,1002.0
Kericho,2022,f,90,681.0
Kericho,2022,m,00,12378.0
Kericho,2022,m,01,47929.0
Kericho,2022,m,05,61846.0
Kericho,2022,m,10,64723.0
Kericho,2022,m,15,58313.0
Kericho,2022,m,20,45510.0
Kericho,2022,m,25,37720.0
Kericho,2022,m,30,35531.0
Kericho,2022,m,35,28959.0
Kericho,2022,m,40,23513.0
Kericho,2022,m,45,19772.0
Kericho,2022,m,50,13011.0
Kericho,2022,m,55,11018.0
Kericho,2022,m,60,7697.0
Kericho,2022,m,65,5183.0
Kericho,2022,m,70,3475.0
Kericho,2022,m,75,1727.0
Kericho,2022,m,80,841.0
Kericho,2022,m,85,471.0
Kericho,2022,m,90,308.0
Kiambu,2022,f,00,34934.0
Kiambu,2022,f,01,135341.0
Kiambu,2022,f,05,141151.0
Kiambu,2022,f,10,131983.0
Kiambu,2022,f,15,138830.0
Kiambu,2022,f,20,177237.0
Kiambu,2022,f,25,156404.0
Kiambu,2022,f,30,133039.0
Kiambu,2022,f,35,120759.0
Kiambu,2022,f,40,87881.0
Kiambu,2022,f,45,69105.0
Kiambu,2022,f,50,55349.0
Kiambu,2022,f,55,36768.0
Kiambu,2022,f,60,21686.0
Kiambu,2022,f,65,14748.0
Kiambu,2022,f,70,9664.0
Kiambu,2022,f,75,7352.0
Kiambu,2022,f,80,5072.0
Kiambu,2022,f,85,2618.0
Kiambu,2022,f,90,1486.0
Kiambu,2022,m,00,35659.0
Kiambu,2022,m,01,138071.0
Kiambu,2022,m,05,141672.0
Kiambu,2022,m,10,128736.0
Kiambu,2022,m,15,122360.0
Kiambu,2022,m,20,158769.0
Kiambu,2022,m,25,153632.0
Kiambu,2022,m,30,138508.0
Kiambu,2022,m,35,119682.0
Kiambu,2022,m,40,91142.0
Kiambu,2022,m,45,72665.0
Kiambu,2022,m,50,57052.0
Kiambu,2022,m,55,38627.0
Kiambu,2022,m,60,21416.0
Kiambu,2022,m,65,13137.0
Kiambu,2022,m,70,8585.0
Kiambu,2022,m,75,4473.0
Kiambu,2022,m,80,2073.0
Kiambu,2022,m,85,1028.0
Kiambu,2022,m,90,598.0
Kilifi,2022,f,00,23570.0
Kilifi,2022,f,01,91317.0
Kilifi,2022,f,05,112228.0
Kilifi,2022,f,10,112753.0
Kilifi,2022,f,15,100738.0
Kilifi,2022,f,20,80286.0
Kilifi,2022,f,25,66671.0
Kilifi,2022,f,30,57199.0
Kilifi,2022,f,35,40410.0
Kilifi,2022,f,40,40194.0
Kilifi,2022,f,45,27757.0
Kilifi,2022,f,50,24167.0
Kilifi,2022,f,55,18843.0
Kilifi,2022,f,60,19508.0
Kilifi,2022,f,65,11112.0
Kilifi,2022,f,70,6902.0
Kilifi,2022,f,75,4548.0
Kilifi,2022,f,80,2701.0
Kilifi,2022,f,85,1391.0
Kilifi,2022,f,90,799.0
Kilifi,2022,m,00,23952.0
Kilifi,2022,m,01,92740.0
Kilifi,2022,m,05,113825.0
Kilifi,2022,m,10,111641.0
Kilifi,2022,m,15,99432.0
Kilifi,2022,m,20,75945.0
Kilifi,2022,m,25,59216.0
Kilifi,2022,m,30,47871.0
Kilifi,2022,m,35,38972.0
Kilifi,2022,m,40,34323.0
Kilifi,2022,m,45,28362.0
Kilifi,2022,m,50,22749.0
Kilifi,2022,m,55,16987.0
Kilifi,2022,m,60,12444.0
Kilifi,2022,m,65,8887.0
Kilifi,2022,m,70,5134.0
Kilifi,2022,m,75,3236.0
Kilifi,2022,m,80,1467.0
Kilifi,2022,m,85,579.0
Kilifi,2022,m,90,288.0
Kirinyaga,2022,f,00,8893.0
Kirinyaga,2022,f,01,34455.0
Kirinyaga,2022,f,05,40857.0
Kirinyaga,2022,f,10,43831.0
Kirinyaga,2022,f,15,44259.0
Kirinyaga,2022,f,20,34552.0
Kirinyaga,2022,f,25,30432.0
Kirinyaga,2022,f,30,35380.0
Kirinyaga,2022,f,35,40421.0
Kirinyaga,2022,f,40,33539.0
Kirinyaga,2022,f,45,28897.0
Kirinyaga,2022,f,50,26520.0
Kirinyaga,2022,f,55,20454.0
Kirinyaga,2022,f,60,12221.0
Kirinyaga,2022,f,65,9310.0
Kirinyaga,2022,f,70,6554.0
Kirinyaga,2022,f,75,4089.0
Kirinyaga,2022,f,80,3255.0
Kirinyaga,2022,f,85,2368.0
Kirinyaga,2022,f,90,1542.0
Kirinyaga,2022,m,00,8938.0
Kirinyaga,2022,m,01,34606.0
Kirinyaga,2022,m,05,41075.0
Kirinyaga,2022,m,10,43583.0
Kirinyaga,2022,m,15,44433.0
Kirinyaga,2022,m,20,36082.0
Kirinyaga,2022,m,25,30870.0
Kirinyaga,2022,m,30,36269.0
Kirinyaga,2022,m,35,40270.0
Kirinyaga,2022,m,40,33661.0
Kirinyaga,2022,m,45,28609.0
Kirinyaga,2022,m,50,25760.0
Kirinyaga,2022,m,55,19897.0
Kirinyaga,2022,m,60,11755.0
Kirinyaga,2022,m,65,7938.0
Kirinyaga,2022,m,70,5024.0
Kirinyaga,2022,m,75,2724.0
Kirinyaga,2022,m,80,1453.0
Kirinyaga,2022,m,85,816.0
Kirinyaga,2022,m,90,503.0
Kisii,2022,f,00,15294.0
Kisii,2022,f,01,59254.0
Kisii,2022,f,05,84883.0
Kisii,2022,f,10,96053.0
Kisii,2022,f,15,80394.0
Kisii,2022,f,20,57621.0
Kisii,2022,f,25,51500.0
Kisii,2022,f,30,51623.0
Kisii,2022,f,35,34483.0
Kisii,2022,f,40,28975.0
Kisii,2022,f,45,28951.0
Kisii,2022,f,50,17860.0
Kisii,2022,f,55,21948.0
Kisii,2022,f,60,16499.0
Kisii,2022,f,65,10263.0
Kisii,2022,f,70,6035.0
Kisii,2022,f,75,3686.0
Kisii,2022,f,80,2556.0
Kisii,2022,f,85,1580.0
Kisii,2022,f,90,1060.0
Kisii,2022,m,00,15407.0
Kisii,2022,m,01,59655.0
Kisii,2022,m,05,85180.0
Kisii,2022,m,10,95467.0
Kisii,2022,m,15,77365.0
Kisii,2022,m,20,49424.0
Kisii,2022,m,25,40827.0
Kisii,2022,m,30,40548.0
Kisii,2022,m,35,34158.0
Kisii,2022,m,40,28429.0
Kisii,2022,m,45,22785.0
Kisii,2022,m,50,17474.0
Kisii,2022,m,55,19096.0
Kisii,2022,m,60,13550.0
Kisii,2022,m,65,7997.0
Kisii,2022,m,70,4991.0
Kisii,2022,m,75,2754.0
Kisii,2022,m,80,1417.0
Kisii,2022,m,85,775.0
Kisii,2022,m,90,499.0
Kisumu,2022,f,00,16449.0
Kisumu,2022,f,01,63728.0
Kisumu,2022,f,05,79914.0
Kisumu,2022,f,10,88920.0
Kisumu,2022,f,15,80046.0
Kisumu,2022,f,20,67715.0
Kisumu,2022,f,25,56331.0
Kisumu,2022,f,30,49296.0
Kisumu,2022,f,35,35825.0
Kisumu,2022,f,40,27687.0
Kisumu,2022,f,45,19950.0
Kisumu,2022,f,50,18955.0
Kisumu,2022,f,55,16557.0
Kisumu,2022,f,60,13185.0
Kisumu,2022,f,65,8947.0
Kisumu,2022,f,70,5482.0
Kisumu,2022,f,75,3681.0
Kisumu,2022,f,80,2255.0
Kisumu,2022,f,85,1112.0
Kisumu,2022,f,90,642.0
Kisumu,2022,m,00,16399.0
Kisumu,2022,m,01,63495.0
Kisumu,2022,m,05,79912.0
Kisumu,2022,m,10,86728.0
Kisumu,2022,m,15,74421.0
Kisumu,2022,m,20,59594.0
Kisumu,2022,m,25,49948.0
Kisumu,2022,m,30,47350.0
Kisumu,2022,m,35,41010.0
Kisumu,2022,m,40,31000.0
Kisumu,2022,m,45,21070.0
Kisumu,2022,m,50,16347.0
Kisumu,2022,m,55,13141.0
Kisumu,2022,m,60,9977.0
Kisumu,2022,m,65,6707.0
Kisumu,2022,m,70,4426.0
Kisumu,2022,m,75,2334.0
Kisumu,2022,m,80,1100.0
Kisumu,2022,m,85,562.0
Kisumu,2022,m,90,341.0
Kitui,2022,f,00,13602.0
Kitui,2022,f,01,52697.0
Kitui,2022,f,05,72190.0
Kitui,2022,f,10,86496.0
Kitui,2022,f,15,79839.0
Kitui,2022,f,20,47157.0
Kitui,2022,f,25,36477.0
Kitui,2022,f,30,37181.0
Kitui,2022,f,35,35081.0
Kitui,2022,f,40,30255.0
Kitui,2022,f,45,28852.0
Kitui,2022,f,50,22380.0
Kitui,2022,f,55,17449.0
Kitui,2022,f,60,13748.0
Kitui,2022,f,65,11064.0
Kitui,2022,f,70,8445.0
Kitui,2022,f,75,5106.0
Kitui,2022,f,80,3644.0
Kitui,2022,f,85,2611.0
Kitui,2022,f,90,2020.0
Kitui,2022,m,00,13887.0
Kitui,2022,m,01,53770.0
Kitui,2022,m,05,73887.0
Kitui,2022,m,10,87391.0
Kitui,2022,m,15,80900.0
Kitui,2022,m,20,47260.0
Kitui,2022,m,25,32901.0
Kitui,2022,m,30,31946.0
Kitui,2022,m,35,29672.0
Kitui,2022,m,40,25758.0
Kitui,2022,m,45,23508.0
Kitui,2022,m,50,18680.0
Kitui,2022,m,55,14938.0
Kitui,2022,m,60,11354.0
Kitui,2022,m,65,8451.0
Kitui,2022,m,70,5665.0
Kitui,2022,m,75,3668.0
Kitui,2022,m,80,2187.0
Kitui,2022,m,85,1268.0
Kitui,2022,m,90,835.0
Kwale,2022,f,00,15610.0
Kwale,2022,f,01,60477.0
Kwale,2022,f,05,72851.0
Kwale,2022,f,10,69405.0
Kwale,2022,f,15,57671.0
Kwale,2022,f,20,44531.0
Kwale,2022,f,25,38479.0
Kwale,2022,f,30,32948.0
Kwale,2022,f,35,26081.0
Kwale,2022,f,40,23643.0
Kwale,2022,f,45,17157.0
Kwale,2022,f,50,11894.0
Kwale,2022,f,55,10032.0
Kwale,2022,f,60,10505.0
Kwale,2022,f,65,6571.0
Kwale,2022,f,70,4188.0
Kwale,2022,f,75,2226.0
Kwale,2022,f,80,1350.0
Kwale,2022,f,85,844.0
Kwale,2022,f,90,571.0
Kwale,2022,m,00,15887.0
Kwale,2022,m,01,61514.0
Kwale,2022,m,05,74788.0
Kwale,2022,m,10,69710.0
Kwale,2022,m,15,57484.0
Kwale,2022,m,20,39745.0
Kwale,2022,m,25,33028.0
Kwale,2022,m,30,28914.0
Kwale,2022,m,35,24535.0
Kwale,2022,m,40,21735.0
Kwale,2022,m,45,17767.0
Kwale,2022,m,50,13952.0
Kwale,2022,m,55,10386.0
Kwale,2022,m,60,8194.0
Kwale,2022,m,65,5762.0
Kwale,2022,m,70,3408.0
Kwale,2022,m,75,2015.0
Kwale,2022,m,80,957.0
Kwale,2022,m,85,418.0
Kwale,2022,m,90,211.0
Laikipia,2022,f,00,7608.0
Laikipia,2022,f,01,29476.0
Laikipia,2022,f,05,34741.0
Laikipia,2022,f,10,34788.0
Laikipia,2022,f,15,31661.0
Laikipia,2022,f,20,24596.0
Laikipia,2022,f,25,20423.0
Laikipia,2022,f,30,19895.0
Laikipia,2022,f,35,18156.0
Laikipia,2022,f,40,15159.0
Laikipia,2022,f,45,13085.0
Laikipia,2022,f,50,11888.0
Laikipia,2022,f,55,9028.0
Laikipia,2022,f,60,6003.0
Laikipia,2022,f,65,4310.0
Laikipia,2022,f,70,2952.0
Laikipia,2022,f,75,2137.0
Laikipia,2022,f,80,1282.0
Laikipia,2022,f,85,599.0
Laikipia,2022,f,90,357.0
Laikipia,2022,m,00,7843.0
Laikipia,2022,m,01,30366.0
Laikipia,2022,m,05,35587.0
Laikipia,2022,m,10,35969.0
Laikipia,2022,m,15,32961.0
Laikipia,2022,m,20,24616.0
Laikipia,2022,m,25,20336.0
Laikipia,2022,m,30,20092.0
Laikipia,2022,m,35,18994.0
Laikipia,2022,m,40,15717.0
Laikipia,2022,m,45,13105.0
Laikipia,2022,m,50,11459.0
Laikipia,2022,m,55,8685.0
Laikipia,2022,m,60,5394.0
Laikipia,2022,m,65,3658.0
Laikipia,2022,m,70,2736.0
Laikipia,2022,m,75,1624.0
Laikipia,2022,m,80,765.0
Laikipia,2022,m,85,361.0
Laikipia,2022,m,90,200.0
Lamu,2022,f,00,2280.0
Lamu,2022,f,01,8833.0
Lamu,2022,f,05,10709.0
Lamu,2022,f,10,10389.0
Lamu,2022,f,15,8980.0
Lamu,2022,f,20,7094.0
Lamu,2022,f,25,5860.0
Lamu,2022,f,30,5391.0
Lamu,2022,f,35,4638.0
Lamu,2022,f,40,3960.0
Lamu,2022,f,45,3308.0
Lamu,2022,f,50,2612.0
Lamu,2022,f,55,2209.0
Lamu,2022,f,60,1648.0
Lamu,2022,f,65,1072.0
Lamu,2022,f,70,665.0
Lamu,2022,f,75,360.0
Lamu,2022,f,80,205.0
Lamu,2022,f,85,119.0
Lamu,2022,f,90,100.0
Lamu,2022,m,00,2409.0
Lamu,2022,m,01,9326.0
Lamu,2022,m,05,11061.0
Lamu,2022,m,10,10797.0
Lamu,2022,m,15,9545.0
Lamu,2022,m,20,8858.0
Lamu,2022,m,25,7812.0
Lamu,2022,m,30,6779.0
Lamu,2022,m,35,5583.0
Lamu,2022,m,40,4769.0
Lamu,2022,m,45,4019.0
Lamu,2022,m,50,3149.0
Lamu,2022,m,55,2419.0
Lamu,2022,m,60,1695.0
Lamu,2022,m,65,1100.0
Lamu,2022,m,70,727.0
Lamu,2022,m,75,389.0
Lamu,2022,m,80,168.0
Lamu,2022,m,85,76.0
Lamu,2022,m,90,43.0
Machakos,2022,f,00,17922.0
Machakos,2022,f,01,69433.0
Machakos,2022,f,05,82858.0
Machakos,2022,f,10,89655.0
Machakos,2022,f,15,85362.0
Machakos,2022,f,20,79660.0
Machakos,2022,f,25,70311.0
Machakos,2022,f,30,64678.0
Machakos,2022,f,35,61006.0
Machakos,2022,f,40,48399.0
Machakos,2022,f,45,37766.0
Machakos,2022,f,50,30828.0
Machakos,2022,f,55,24789.0
Machakos,2022,f,60,19315.0
Machakos,2022,f,65,13720.0
Machakos,2022,f,70,8077.0
Machakos,2022,f,75,5813.0
Machakos,2022,f,80,4538.0
Machakos,2022,f,85,2752.0
Machakos,2022,f,90,1662.0
Machakos,2022,m,00,18353.0
Machakos,2022,m,01,71063.0
Machakos,2022,m,05,85403.0
Machakos,2022,m,10,90089.0
Machakos,2022,m,15,84853.0
Machakos,2022,m,20,81418.0
Machakos,2022,m,25,72764.0
Machakos,2022,m,30,69480.0
Machakos,2022,m,35,64226.0
Machakos,2022,m,40,50915.0
Machakos,2022,m,45,41250.0
Machakos,2022,m,50,31289.0
Machakos,2022,m,55,24537.0
Machakos,2022,m,60,18469.0
Machakos,2022,m,65,11111.0
Machakos,2022,m,70,6563.0
Machakos,2022,m,75,3473.0
Machakos,2022,m,80,2028.0
Machakos,2022,m,85,1324.0
Machakos,2022,m,90,867.0
Makueni,2022,f,00,10391.0
Makueni,2022,f,01,40256.0
Makueni,2022,f,05,55460.0
Makueni,2022,f,10,68020.0
Makueni,2022,f,15,64099.0
Makueni,2022,f,20,39778.0
Makueni,2022,f,25,33349.0
Makueni,2022,f,30,33620.0
Makueni,2022,f,35,32634.0
Makueni,2022,f,40,27698.0
Makueni,2022,f,45,27258.0
Makueni,2022,f,50,20350.0
Makueni,2022,f,55,17008.0
Makueni,2022,f,60,14482.0
Makueni,2022,f,65,11307.0
Makueni,2022,f,70,6947.0
Makueni,2022,f,75,4812.0
Makueni,2022,f,80,3766.0
Makueni,2022,f,85,2362.0
Makueni,2022,f,90,1412.0
Makueni,2022,m,00,10684.0
Makueni,2022,m,01,41369.0
Makueni,2022,m,05,57340.0
Makueni,2022,m,10,68673.0
Makueni,2022,m,15,66895.0
Makueni,2022,m,20,45349.0
Makueni,2022,m,25,34698.0
Makueni,2022,m,30,33687.0
Makueni,2022,m,35,32070.0
Makueni,2022,m,40,26920.0
Makueni,2022,m,45,24378.0
Makueni,2022,m,50,19112.0
Makueni,2022,m,55,15125.0
Makueni,2022,m,60,12303.0
Makueni,2022,m,65,8592.0
Makueni,2022,m,70,5436.0
Makueni,2022,m,75,3037.0
Makueni,2022,m,80,1787.0
Makueni,2022,m,85,1142.0
Makueni,2022,m,90,774.0
Mandera,2022,f,00,19897.0
Mandera,2022,f,01,77067.0
Mandera,2022,f,05,92541.0
Mandera,2022,f,10,75646.0
Mandera,2022,f,15,57204.0
Mandera,2022,f,20,39999.0
Mandera,2022,f,25,30420.0
Mandera,2022,f,30,23280.0
Mandera,2022,f,35,18426.0
Mandera,2022,f,40,14403.0
Mandera,2022,f,45,7801.0
Mandera,2022,f,50,6789.0
Mandera,2022,f,55,3783.0
Mandera,2022,f,60,3416.0
Mandera,2022,f,65,1485.0
Mandera,2022,f,70,1371.0
Mandera,2022,f,75,540.0
Mandera,2022,f,80,317.0
Mandera,2022,f,85,362.0
Mandera,2022,f,90,470.0
Mandera,2022,m,00,17238.0
Mandera,2022,m,01,66724.0
Mandera,2022,m,05,84118.0
Mandera,2022,m,10,82643.0
Mandera,2022,m,15,65684.0
Mandera,2022,m,20,41527.0
Mandera,2022,m,25,29572.0
Mandera,2022,m,30,24581.0
Mandera,2022,m,35,16759.0
Mandera,2022,m,40,16499.0
Mandera,2022,m,45,9521.0
Mandera,2022,m,50,9039.0
Mandera,2022,m,55,4915.0
Mandera,2022,m,60,4784.0
Mandera,2022,m,65,2048.0
Mandera,2022,m,70,1713.0
Mandera,2022,m,75,872.0
Mandera,2022,m,80,458.0
Mandera,2022,m,85,359.0
Mandera,2022,m,90,310.0
Marsabit,2022,f,00,8558.0
Marsabit,2022,f,01,33155.0
Marsabit,2022,f,05,43572.0
Marsabit,2022,f,10,39600.0
Marsabit,2022,f,15,31795.0
Marsabit,2022,f,20,24398.0
Marsabit,2022,f,25,19100.0
Marsabit,2022,f,30,14925.0
Marsabit,2022,f,35,10795.0
Marsabit,2022,f,40,8744.0
Marsabit,2022,f,45,6965.0
Marsabit,2022,f,50,6530.0
Marsabit,2022,f,55,4354.0
Marsabit,2022,f,60,3668.0
Marsabit,2022,f,65,2061.0
Marsabit,2022,f,70,1844.0
Marsabit,2022,f,75,811.0
Marsabit,2022,f,80,494.0
Marsabit,2022,f,85,483.0
Marsabit,2022,f,90,537.0
Marsabit,2022,m,00,8908.0
Marsabit,2022,m,01,34491.0
Marsabit,2022,m,05,45201.0
Marsabit,2022,m,10,44283.0
Marsabit,2022,m,15,39977.0
Marsabit,2022,m,20,29501.0
Marsabit,2022,m,25,23241.0
Marsabit,2022,m,30,18418.0
Marsabit,2022,m,35,12922.0
Marsabit,2022,m,40,11150.0
Marsabit,2022,m,45,7729.0
Marsabit,2022,m,50,7320.0
Marsabit,2022,m,55,4673.0
Marsabit,2022,m,60,4053.0
Marsabit,2022,m,65,2116.0
Marsabit,2022,m,70,2074.0
Marsabit,2022,m,75,923.0
Marsabit,2022,m,80,472.0
Marsabit,2022,m,85,426.0
Marsabit,2022,m,90,394.0
Meru,2022,f,00,18550.0
Meru,2022,f,01,71868.0
Meru,2022,f,05,88420.0
Meru,2022,f,10,98226.0
Meru,2022,f,15,91358.0
Meru,2022,f,20,69502.0
Meru,2022,f,25,57377.0
Meru,2022,f,30,58882.0
Meru,2022,f,35,58593.0
Meru,2022,f,40,45230.0
Meru,2022,f,45,39581.0
Meru,2022,f,50,28873.0
Meru,2022,f,55,25830.0
Meru,2022,f,60,18954.0
Meru,2022,f,65,13785.0
Meru,2022,f,70,9848.0
Meru,2022,f,75,5725.0
Meru,2022,f,80,4215.0
Meru,2022,f,85,2963.0
Meru,2022,f,90,1887.0
Meru,2022,m,00,18766.0
Meru,2022,m,01,72659.0
Meru,2022,m,05,89605.0
Meru,2022,m,10,97494.0
Meru,2022,m,15,86487.0
Meru,2022,m,20,71380.0
Meru,2022,m,25,59815.0
Meru,2022,m,30,60636.0
Meru,2022,m,35,60795.0
Meru,2022,m,40,48742.0
Meru,2022,m,45,38831.0
Meru,2022,m,50,29438.0
Meru,2022,m,55,24375.0
Meru,2022,m,60,16996.0
Meru,2022,m,65,11722.0
Meru,2022,m,70,7908.0
Meru,2022,m,75,4357.0
Meru,2022,m,80,2304.0
Meru,2022,m,85,1287.0
Meru,2022,m,90,776.0
Migori,2022,f,00,19243.0
Migori,2022,f,01,74539.0
Migori,2022,f,05,94854.0
Migori,2022,f,10,98665.0
Migori,2022,f,15,80323.0
Migori,2022,f,20,62042.0
Migori,2022,f,25,48175.0
Migori,2022,f,30,41953.0
Migori,2022,f,35,28640.0
Migori,2022,f,40,24268.0
Migori,2022,f,45,20425.0
Migori,2022,f,50,16098.0
Migori,2022,f,55,13892.0
Migori,2022,f,60,10677.0
Migori,2022,f,65,7277.0
Migori,2022,f,70,4493.0
Migori,2022,f,75,3113.0
Migori,2022,f,80,1959.0
Migori,2022,f,85,1001.0
Migori,2022,f,90,633.0
Migori,2022,m,00,19095.0
Migori,2022,m,01,73922.0
Migori,2022,m,05,94222.0
Migori,2022,m,10,96501.0
Migori,2022,m,15,76214.0
Migori,2022,m,20,53407.0
Migori,2022,m,25,41088.0
Migori,2022,m,30,37073.0
Migori,2022,m,35,30434.0
Migori,2022,m,40,23661.0
Migori,2022,m,45,17694.0
Migori,2022,m,50,13107.0
Migori,2022,m,55,10456.0
Migori,2022,m,60,7868.0
Migori,2022,m,65,5019.0
Migori,2022,m,70,3298.0
Migori,2022,m,75,1925.0
Migori,2022,m,80,988.0
Migori,2022,m,85,528.0
Migori,2022,m,90,338.0
Mombasa,2022,f,00,17337.0
Mombasa,2022,f,01,67166.0
Mombasa,2022,f,05,71957.0
Mombasa,2022,f,10,63741.0
Mombasa,2022,f,15,63306.0
Mombasa,2022,f,20,84739.0
Mombasa,2022,f,25,80307.0
Mombasa,2022,f,30,64432.0
Mombasa,2022,f,35,52280.0
Mombasa,2022,f,40,37637.0
Mombasa,2022,f,45,26269.0
Mombasa,2022,f,50,18000.0
Mombasa,2022,f,55,12129.0
Mombasa,2022,f,60,7992.0
Mombasa,2022,f,65,4665.0
Mombasa,2022,f,70,2561.0
Mombasa,2022,f,75,1433.0
Mombasa,2022,f,80,802.0
Mombasa,2022,f,85,415.0
Mombasa,2022,f,90,289.0
Mombasa,2022,m,00,17780.0
Mombasa,2022,m,01,68845.0
Mombasa,2022,m,05,71098.0
Mombasa,2022,m,10,61557.0
Mombasa,2022,m,15,54360.0
Mombasa,2022,m,20,75805.0
Mombasa,2022,m,25,80438.0
Mombasa,2022,m,30,70614.0
Mombasa,2022,m,35,58747.0
Mombasa,2022,m,40,46963.0
Mombasa,2022,m,45,36142.0
Mombasa,2022,m,50,25323.0
Mombasa,2022,m,55,16340.0
Mombasa,2022,m,60,9161.0
Mombasa,2022,m,65,4796.0
Mombasa,2022,m,70,2462.0
Mombasa,2022,m,75,1222.0
Mombasa,2022,m,80,461.0
Mombasa,2022,m,85,176.0
Mombasa,2022,m,90,92.0
Murang'a,2022,f,00,11704.0
Murang'a,2022,f,01,45343.0
Murang'a,2022,f,05,56197.0
Murang'a,2022,f,10,57367.0
Murang'a,2022,f,15,53674.0
Murang'a,2022,f,20,37693.0
Murang'a,2022,f,25,32646.0
Murang'a,2022,f,30,34671.0
Murang'a,2022,f,35,38816.0
Murang'a,2022,f,40,33379.0
Murang'a,2022,f,45,31207.0
Murang'a,2022,f,50,28475.0
Murang'a,2022,f,55,23708.0
Murang'a,2022,f,60,15864.0
Murang'a,2022,f,65,12939.0
Murang'a,2022,f,70,9368.0
Murang'a,2022,f,75,7565.0
Murang'a,2022,f,80,5459.0
Murang'a,2022,f,85,2746.0
Murang'a,2022,f,90,1321.0
Murang'a,2022,m,00,11958.0
Murang'a,2022,m,01,46301.0
Murang'a,2022,m,05,57177.0
Murang'a,2022,m,10,58717.0
Murang'a,2022,m,15,56945.0
Murang'a,2022,m,20,41121.0
Murang'a,2022,m,25,32989.0
Murang'a,2022,m,30,36654.0
Murang'a,2022,m,35,38617.0
Murang'a,2022,m,40,33874.0
Murang'a,2022,m,45,30313.0
Murang'a,2022,m,50,25806.0
Murang'a,2022,m,55,21453.0
Murang'a,2022,m,60,14185.0
Murang'a,2022,m,65,10896.0
Murang'a,2022,m,70,8182.0
Murang'a,2022,m,75,4650.0
Murang'a,2022,m,80,2310.0
Murang'a,2022,m,85,1162.0
Murang'a,2022,m,90,617.0
Nairobi,2022,f,00,66647.0
Nairobi,2022,f,01,258205.0
Nairobi,2022,f,05,258374.0
Nairobi,2022,f,10,228474.0
Nairobi,2022,f,15,246243.0
Nairobi,2022,f,20,373205.0
Nairobi,2022,f,25,354625.0
Nairobi,2022,f,30,278356.0
Nairobi,2022,f,35,219792.0
Nairobi,2022,f,40,145166.0
Nairobi,2022,f,45,97542.0
Nairobi,2022,f,50,68269.0
Nairobi,2022,f,55,40740.0
Nairobi,2022,f,60,22342.0
Nairobi,2022,f,65,12327.0
Nairobi,2022,f,70,6615.0
Nairobi,2022,f,75,3891.0
Nairobi,2022,f,80,2266.0
Nairobi,2022,f,85,1148.0
Nairobi,2022,f,90,731.0
Nairobi,2022,m,00,67920.0
Nairobi,2022,m,01,262983.0
Nairobi,2022,m,05,256070.0
Nairobi,2022,m,10,215394.0
Nairobi,2022,m,15,195670.0
Nairobi,2022,m,20,313652.0
Nairobi,2022,m,25,346007.0
Nairobi,2022,m,30,306571.0
Nairobi,2022,m,35,243155.0
Nairobi,2022,m,40,174452.0
Nairobi,2022,m,45,126890.0
Nairobi,2022,m,50,90134.0
Nairobi,2022,m,55,56075.0
Nairobi,2022,m,60,27910.0
Nairobi,2022,m,65,13833.0
Nairobi,2022,m,70,7137.0
Nairobi,2022,m,75,3222.0
Nairobi,2022,m,80,1254.0
Nairobi,2022,m,85,519.0
Nairobi,2022,m,90,275.0
Nakuru,2022,f,00,32554.0
Nakuru,2022,f,01,126124.0
Nakuru,2022,f,05,148096.0
Nakuru,2022,f,10,152097.0
Nakuru,2022,f,15,140334.0
Nakuru,2022,f,20,123640.0
Nakuru,2022,f,25,105115.0
Nakuru,2022,f,30,95764.0
Nakuru,2022,f,35,81513.0
Nakuru,2022,f,40,62820.0
Nakuru,2022,f,45,52940.0
Nakuru,2022,f,50,42155.0
Nakuru,2022,f,55,30703.0
Nakuru,2022,f,60,19294.0
Nakuru,2022,f,65,13031.0
Nakuru,2022,f,70,8388.0
Nakuru,2022,f,75,6246.0
Nakuru,2022,f,80,4035.0
Nakuru,2022,f,85,1944.0
Nakuru,2022,f,90,1078.0
Nakuru,2022,m,00,33404.0
Nakuru,2022,m,01,129338.0
Nakuru,2022,m,05,151734.0
Nakuru,2022,m,10,152223.0
Nakuru,2022,m,15,138984.0
Nakuru,2022,m,20,125078.0
Nakuru,2022,m,25,100994.0
Nakuru,2022,m,30,94738.0
Nakuru,2022,m,35,83257.0
Nakuru,2022,m,40,66843.0
Nakuru,2022,m,45,54708.0
Nakuru,2022,m,50,41858.0
Nakuru,2022,m,55,30331.0
Nakuru,2022,m,60,18341.0
Nakuru,2022,m,65,12154.0
Nakuru,2022,m,70,7870.0
Nakuru,2022,m,75,4375.0
Nakuru,2022,m,80,2123.0
Nakuru,2022,m,85,1035.0
Nakuru,2022,m,90,570.0
Nandi,2022,f,00,11813.0
Nandi,2022,f,01,45768.0
Nandi,2022,f,05,59977.0
Nandi,2022,f,10,64860.0
Nandi,2022,f,15,60097.0
Nandi,2022,f,20,43969.0
Nandi,2022,f,25,35974.0
Nandi,2022,f,30,34440.0
Nandi,2022,f,35,25359.0
Nandi,2022,f,40,22370.0
Nandi,2022,f,45,19743.0
Nandi,2022,f,50,15364.0
Nandi,2022,f,55,12544.0
Nandi,2022,f,60,8531.0
Nandi,2022,f,65,6032.0
Nandi,2022,f,70,3600.0
Nandi,2022,f,75,2805.0
Nandi,2022,f,80,1920.0
Nandi,2022,f,85,935.0
Nandi,2022,f,90,522.0
Nandi,2022,m,00,12009.0
Nandi,2022,m,01,46497.0
Nandi,2022,m,05,60978.0
Nandi,2022,m,10,65257.0
Nandi,2022,m,15,59962.0
Nandi,2022,m,20,44312.0
Nandi,2022,m,25,33926.0
Nandi,2022,m,30,33238.0
Nandi,2022,m,35,28474.0
Nandi,2022,m,40,23641.0
Nandi,2022,m,45,19730.0
Nandi,2022,m,50,14530.0
Nandi,2022,m,55,11644.0
Nandi,2022,m,60,8154.0
Nandi,2022,m,65,5212.0
Nandi,2022,m,70,3326.0
Nandi,2022,m,75,2292.0
Nandi,2022,m,80,1211.0
Nandi,2022,m,85,554.0
Nandi,2022,m,90,284.0
Narok,2022,f,00,23334.0
Narok,2022,f,01,90402.0
Narok,2022,f,05,114554.0
Narok,2022,f,10,103222.0
Narok,2022,f,15,76397.0
Narok,2022,f,20,63521.0
Narok,2022,f,25,51653.0
Narok,2022,f,30,43154.0
Narok,2022,f,35,30871.0
Narok,2022,f,40,26308.0
Narok,2022,f,45,22058.0
Narok,2022,f,50,16409.0
Narok,2022,f,55,12448.0
Narok,2022,f,60,8922.0
Narok,2022,f,65,5076.0
Narok,2022,f,70,3597.0
Narok,2022,f,75,2212.0
Narok,2022,f,80,1434.0
Narok,2022,f,85,901.0
Narok,2022,f,90,620.0
Narok,2022,m,00,23717.0
Narok,2022,m,01,91830.0
Narok,2022,m,05,117147.0
Narok,2022,m,10,104836.0
Narok,2022,m,15,79204.0
Narok,2022,m,20,59833.0
Narok,2022,m,25,47679.0
Narok,2022,m,30,43174.0
Narok,2022,m,35,34358.0
Narok,2022,m,40,27265.0
Narok,2022,m,45,22738.0
Narok,2022,m,50,16568.0
Narok,2022,m,55,11520.0
Narok,2022,m,60,8045.0
Narok,2022,m,65,4981.0
Narok,2022,m,70,3320.0
Narok,2022,m,75,1980.0
Narok,2022,m,80,993.0
Narok,2022,m,85,501.0
Narok,2022,m,90,295.0
Nyamira,2022,f,00,6686.0
Nyamira,2022,f,01,25905.0
Nyamira,2022,f,05,37575.0
Nyamira,2022,f,10,44201.0
Nyamira,2022,f,15,36121.0
Nyamira,2022,f,20,23958.0
Nyamira,2022,f,25,23129.0
Nyamira,2022,f,30,24587.0
Nyamira,2022,f,35,16867.0
Nyamira,2022,f,40,15155.0
Nyamira,2022,f,45,13832.0
Nyamira,2022,f,50,9156.0
Nyamira,2022,f,55,10538.0
Nyamira,2022,f,60,7850.0
Nyamira,2022,f,65,4870.0
Nyamira,2022,f,70,3120.0
Nyamira,2022,f,75,1865.0
Nyamira,2022,f,80,1249.0
Nyamira,2022,f,85,774.0
Nyamira,2022,f,90,514.0
Nyamira,2022,m,00,6719.0
Nyamira,2022,m,01,26014.0
Nyamira,2022,m,05,38086.0
Nyamira,2022,m,10,44443.0
Nyamira,2022,m,15,35215.0
Nyamira,2022,m,20,20834.0
Nyamira,2022,m,25,17619.0
Nyamira,2022,m,30,18422.0
Nyamira,2022,m,35,16432.0
Nyamira,2022,m,40,14227.0
Nyamira,2022,m,45,11647.0
Nyamira,2022,m,50,9152.0
Nyamira,2022,m,55,9949.0
Nyamira,2022,m,60,7145.0
Nyamira,2022,m,65,4052.0
Nyamira,2022,m,70,2707.0
Nyamira,2022,m,75,1492.0
Nyamira,2022,m,80,748.0
Nyamira,2022,m,85,409.0
Nyamira,2022,m,90,266.0
Nyandarua,2022,f,00,7307.0
Nyandarua,2022,f,01,28311.0
Nyandarua,2022,f,05,36114.0
Nyandarua,2022,f,10,39374.0
Nyandarua,2022,f,15,37956.0
Nyandarua,2022,f,20,24346.0
Nyandarua,2022,f,25,19776.0
Nyandarua,2022,f,30,21132.0
Nyandarua,2022,f,35,22693.0
Nyandarua,2022,f,40,19287.0
Nyandarua,2022,f,45,18182.0
Nyandarua,2022,f,50,16541.0
Nyandarua,2022,f,55,12146.0
Nyandarua,2022,f,60,7126.0
Nyandarua,2022,f,65,5075.0
Nyandarua,2022,f,70,3788.0
Nyandarua,2022,f,75,3358.0
Nyandarua,2022,f,80,1980.0
Nyandarua,2022,f,85,789.0
Nyandarua,2022,f,90,405.0
Nyandarua,2022,m,00,7505.0
Nyandarua,2022,m,01,29061.0
Nyandarua,2022,m,05,37156.0
Nyandarua,2022,m,10,41013.0
Nyandarua,2022,m,15,39769.0
Nyandarua,2022,m,20,25904.0
Nyandarua,2022,m,25,19341.0
Nyandarua,2022,m,30,20233.0
Nyandarua,2022,m,35,20765.0
Nyandarua,2022,m,40,17751.0
Nyandarua,2022,m,45,16185.0
Nyandarua,2022,m,50,14619.0
Nyandarua,2022,m,55,11218.0
Nyandarua,2022,m,60,6573.0
Nyandarua,2022,m,65,4295.0
Nyandarua,2022,m,70,3062.0
Nyandarua,2022,m,75,1930.0
Nyandarua,2022,m,80,1002.0
Nyandarua,2022,m,85,509.0
Nyandarua,2022,m,90,303.0
Nyeri,2022,f,00,7594.0
Nyeri,2022,f,01,29419.0
Nyeri,2022,f,05,36293.0
Nyeri,2022,f,10,36725.0
Nyeri,2022,f,15,37142.0
Nyeri,2022,f,20,29378.0
Nyeri,2022,f,25,24685.0
Nyeri,2022,f,30,26595.0
Nyeri,2022,f,35,29901.0
Nyeri,2022,f,40,25516.0
Nyeri,2022,f,45,23573.0
Nyeri,2022,f,50,23506.0
Nyeri,2022,f,55,17385.0
Nyeri,2022,f,60,10937.0
Nyeri,2022,f,65,8077.0
Nyeri,2022,f,70,6364.0
Nyeri,2022,f,75,5129.0
Nyeri,2022,f,80,3409.0
Nyeri,2022,f,85,1706.0
Nyeri,2022,f,90,940.0
Nyeri,2022,m,00,7839.0
Nyeri,2022,m,01,30354.0
Nyeri,2022,m,05,36857.0
Nyeri,2022,m,10,37651.0
Nyeri,2022,m,15,38282.0
Nyeri,2022,m,20,31468.0
Nyeri,2022,m,25,24722.0
Nyeri,2022,m,30,26979.0
Nyeri,2022,m,35,28592.0
Nyeri,2022,m,40,24842.0
Nyeri,2022,m,45,22685.0
Nyeri,2022,m,50,21140.0
Nyeri,2022,m,55,16495.0
Nyeri,2022,m,60,9778.0
Nyeri,2022,m,65,6919.0
Nyeri,2022,m,70,5467.0
Nyeri,2022,m,75,3130.0
Nyeri,2022,m,80,1543.0
Nyeri,2022,m,85,811.0
Nyeri,2022,m,90,481.0
Samburu,2022,f,00,6184.0
Samburu,2022,f,01,23958.0
Samburu,2022,f,05,29862.0
Samburu,2022,f,10,26505.0
Samburu,2022,f,15,20150.0
Samburu,2022,f,20,17283.0
Samburu,2022,f,25,13062.0
Samburu,2022,f,30,10207.0
Samburu,2022,f,35,7142.0
Samburu,2022,f,40,5788.0
Samburu,2022,f,45,5380.0
Samburu,2022,f,50,3917.0
Samburu,2022,f,55,2646.0
Samburu,2022,f,60,2748.0
Samburu,2022,f,65,1577.0
Samburu,2022,f,70,1257.0
Samburu,2022,f,75,710.0
Samburu,2022,f,80,428.0
Samburu,2022,f,85,295.0
Samburu,2022,f,90,231.0
Samburu,2022,m,00,6280.0
Samburu,2022,m,01,24316.0
Samburu,2022,m,05,30612.0
Samburu,2022,m,10,28133.0
Samburu,2022,m,15,23620.0
Samburu,2022,m,20,17591.0
Samburu,2022,m,25,13090.0
Samburu,2022,m,30,10001.0
Samburu,2022,m,35,6929.0
Samburu,2022,m,40,6464.0
Samburu,2022,m,45,5049.0
Samburu,2022,m,50,3548.0
Samburu,2022,m,55,2612.0
Samburu,2022,m,60,2394.0
Samburu,2022,m,65,1198.0
Samburu,2022,m,70,1091.0
Samburu,2022,m,75,640.0
Samburu,2022,m,80,303.0
Samburu,2022,m,85,177.0
Samburu,2022,m,90,124.0
Siaya,2022,f,00,13938.0
Siaya,2022,f,01,54001.0
Siaya,2022,f,05,73721.0
Siaya,2022,f,10,80047.0
Siaya,2022,f,15,66851.0
Siaya,2022,f,20,46909.0
Siaya,2022,f,25,38752.0
Siaya,2022,f,30,36720.0
Siaya,2022,f,35,28721.0
Siaya,2022,f,40,24069.0
Siaya,2022,f,45,19530.0
Siaya,2022,f,50,19979.0
Siaya,2022,f,55,17733.0
Siaya,2022,f,60,15225.0
Siaya,2022,f,65,11452.0
Siaya,2022,f,70,7548.0
Siaya,2022,f,75,5325.0
Siaya,2022,f,80,3409.0
Siaya,2022,f,85,1693.0
Siaya,2022,f,90,904.0
Siaya,2022,m,00,14033.0
Siaya,2022,m,01,54334.0
Siaya,2022,m,05,73465.0
Siaya,2022,m,10,79831.0
Siaya,2022,m,15,65717.0
Siaya,2022,m,20,42086.0
Siaya,2022,m,25,31995.0
Siaya,2022,m,30,32326.0
Siaya,2022,m,35,28915.0
Siaya,2022,m,40,22700.0
Siaya,2022,m,45,16453.0
Siaya,2022,m,50,14103.0
Siaya,2022,m,55,11883.0
Siaya,2022,m,60,9686.0
Siaya,2022,m,65,7170.0
Siaya,2022,m,70,5054.0
Siaya,2022,m,75,2917.0
Siaya,2022,m,80,1505.0
Siaya,2022,m,85,804.0
Siaya,2022,m,90,479.0
TaitaTaveta,2022,f,00,4435.0
TaitaTaveta,2022,f,01,17180.0
TaitaTaveta,2022,f,05,19912.0
TaitaTaveta,2022,f,10,20965.0
TaitaTaveta,2022,f,15,19385.0
TaitaTaveta,2022,f,20,15648.0
TaitaTaveta,2022,f,25,13534.0
TaitaTaveta,2022,f,30,12286.0
TaitaTaveta,2022,f,35,12077.0
TaitaTaveta,2022,f,40,9907.0
TaitaTaveta,2022,f,45,9004.0
TaitaTaveta,2022,f,50,7554.0
TaitaTaveta,2022,f,55,6452.0
TaitaTaveta,2022,f,60,4828.0
TaitaTaveta,2022,f,65,3353.0
TaitaTaveta,2022,f,70,2141.0
TaitaTaveta,2022,f,75,1426.0
TaitaTaveta,2022,f,80,986.0
TaitaTaveta,2022,f,85,589.0
TaitaTaveta,2022,f,90,407.0
TaitaTaveta,2022,m,00,4480.0
TaitaTaveta,2022,m,01,17343.0
TaitaTaveta,2022,m,05,20096.0
TaitaTaveta,2022,m,10,21136.0
TaitaTaveta,2022,m,15,19733.0
TaitaTaveta,2022,m,20,16905.0
TaitaTaveta,2022,m,25,14738.0
TaitaTaveta,2022,m,30,14343.0
TaitaTaveta,2022,m,35,13872.0
TaitaTaveta,2022,m,40,11428.0
TaitaTaveta,2022,m,45,9861.0
TaitaTaveta,2022,m,50,8298.0
TaitaTaveta,2022,m,55,6258.0
TaitaTaveta,2022,m,60,4561.0
TaitaTaveta,2022,m,65,3057.0
TaitaTaveta,2022,m,70,1821.0
TaitaTaveta,2022,m,75,1081.0
TaitaTaveta,2022,m,80,531.0
TaitaTaveta,2022,m,85,248.0
TaitaTaveta,2022,m,90,138.0
TanaRiver,2022,f,00,11339.0
TanaRiver,2022,f,01,43928.0
TanaRiver,2022,f,05,53570.0
TanaRiver,2022,f,10,47607.0
TanaRiver,2022,f,15,36646.0
TanaRiver,2022,f,20,30452.0
TanaRiver,2022,f,25,24943.0
TanaRiver,2022,f,30,18972.0
TanaRiver,2022,f,35,16057.0
TanaRiver,2022,f,40,12327.0
TanaRiver,2022,f,45,9982.0
TanaRiver,2022,f,50,8289.0
TanaRiver,2022,f,55,5778.0
TanaRiver,2022,f,60,5277.0
TanaRiver,2022,f,65,2920.0
TanaRiver,2022,f,70,2110.0
TanaRiver,2022,f,75,1025.0
TanaRiver,2022,f,80,604.0
TanaRiver,2022,f,85,510.0
TanaRiver,2022,f,90,491.0
TanaRiver,2022,m,00,12115.0
TanaRiver,2022,m,01,46910.0
TanaRiver,2022,m,05,57939.0
TanaRiver,2022,m,10,51364.0
TanaRiver,2022,m,15,38993.0
TanaRiver,2022,m,20,31028.0
TanaRiver,2022,m,25,23096.0
TanaRiver,2022,m,30,18732.0
TanaRiver,2022,m,35,16237.0
TanaRiver,2022,m,40,13628.0
TanaRiver,2022,m,45,10503.0
TanaRiver,2022,m,50,9046.0
TanaRiver,2022,m,55,6511.0
TanaRiver,2022,m,60,5501.0
TanaRiver,2022,m,65,2734.0
TanaRiver,2022,m,70,2014.0
TanaRiver,2022,m,75,1093.0
TanaRiver,2022,m,80,539.0
TanaRiver,2022,m,85,358.0
TanaRiver,2022,m,90,266.0
Tharaka-Nithi,2022,f,00,3684.0
Tharaka-Nithi,2022,f,01,14272.0
Tharaka-Nithi,2022,f,05,18340.0
Tharaka-Nithi,2022,f,10,20308.0
Tharaka-Nithi,2022,f,15,19332.0
Tharaka-Nithi,2022,f,20,13879.0
Tharaka-Nithi,2022,f,25,11499.0
Tharaka-Nithi,2022,f,30,11730.0
Tharaka-Nithi,2022,f,35,11623.0
Tharaka-Nithi,2022,f,40,9457.0
Tharaka-Nithi,2022,f,45,9291.0
Tharaka-Nithi,2022,f,50,6795.0
Tharaka-Nithi,2022,f,55,6267.0
Tharaka-Nithi,2022,f,60,4641.0
Tharaka-Nithi,2022,f,65,3552.0
Tharaka-Nithi,2022,f,70,2544.0
Tharaka-Nithi,2022,f,75,1602.0
Tharaka-Nithi,2022,f,80,1171.0
Tharaka-Nithi,2022,f,85,784.0
Tharaka-Nithi,2022,f,90,529.0
Tharaka-Nithi,2022,m,00,3695.0
Tharaka-Nithi,2022,m,01,14307.0
Tharaka-Nithi,2022,m,05,18551.0
Tharaka-Nithi,2022,m,10,20340.0
Tharaka-Nithi,2022,m,15,18937.0
Tharaka-Nithi,2022,m,20,13909.0
Tharaka-Nithi,2022,m,25,11340.0
Tharaka-Nithi,2022,m,30,11619.0
Tharaka-Nithi,2022,m,35,11388.0
Tharaka-Nithi,2022,m,40,9603.0
Tharaka-Nithi,2022,m,45,8752.0
Tharaka-Nithi,2022,m,50,6830.0
Tharaka-Nithi,2022,m,55,6039.0
Tharaka-Nithi,2022,m,60,4444.0
Tharaka-Nithi,2022,m,65,2971.0
Tharaka-Nithi,2022,m,70,2017.0
Tharaka-Nithi,2022,m,75,1198.0
Tharaka-Nithi,2022,m,80,650.0
Tharaka-Nithi,2022,m,85,363.0
Tharaka-Nithi,2022,m,90,228.0
TransNzoia,2022,f,00,14504.0
TransNzoia,2022,f,01,56189.0
TransNzoia,2022,f,05,74652.0
TransNzoia,2022,f,10,77575.0
TransNzoia,2022,f,15,68612.0
TransNzoia,2022,f,20,47238.0
TransNzoia,2022,f,25,37775.0
TransNzoia,2022,f,30,34346.0
TransNzoia,2022,f,35,27657.0
TransNzoia,2022,f,40,24990.0
TransNzoia,2022,f,45,19660.0
TransNzoia,2022,f,50,16994.0
TransNzoia,2022,f,55,13853.0
TransNzoia,2022,f,60,9537.0
TransNzoia,2022,f,65,6012.0
TransNzoia,2022,f,70,3638.0
TransNzoia,2022,f,75,2621.0
TransNzoia,2022,f,80,1673.0
TransNzoia,2022,f,85,815.0
TransNzoia,2022,f,90,459.0
TransNzoia,2022,m,00,14833.0
TransNzoia,2022,m,01,57433.0
TransNzoia,2022,m,05,75140.0
TransNzoia,2022,m,10,77578.0
TransNzoia,2022,m,15,68985.0
TransNzoia,2022,m,20,46263.0
TransNzoia,2022,m,25,34618.0
TransNzoia,2022,m,30,32786.0
TransNzoia,2022,m,35,28538.0
TransNzoia,2022,m,40,24169.0
TransNzoia,2022,m,45,18948.0
TransNzoia,2022,m,50,15233.0
TransNzoia,2022,m,55,12292.0
TransNzoia,2022,m,60,8836.0
TransNzoia,2022,m,65,5331.0
TransNzoia,2022,m,70,3321.0
TransNzoia,2022,m,75,1942.0
TransNzoia,2022,m,80,979.0
TransNzoia,2022,m,85,490.0
TransNzoia,2022,m,90,278.0
Turkana,2022,f,00,14876.0
Turkana,2022,f,01,57632.0
Turkana,2022,f,05,75241.0
Turkana,2022,f,10,70947.0
Turkana,2022,f,15,59858.0
Turkana,2022,f,20,46967.0
Turkana,2022,f,25,39028.0
Turkana,2022,f,30,29841.0
Turkana,2022,f,35,24777.0
Turkana,2022,f,40,18721.0
Turkana,2022,f,45,13925.0
Turkana,2022,f,50,10865.0
Turkana,2022,f,55,7395.0
Turkana,2022,f,60,6666.0
Turkana,2022,f,65,4328.0
Turkana,2022,f,70,3183.0
Turkana,2022,f,75,1793.0
Turkana,2022,f,80,904.0
Turkana,2022,f,85,465.0
Turkana,2022,f,90,331.0
Turkana,2022,m,00,15169.0
Turkana,2022,m,01,58734.0
Turkana,2022,m,05,78562.0
Turkana,2022,m,10,78271.0
Turkana,2022,m,15,73723.0
Turkana,2022,m,20,58419.0
Turkana,2022,m,25,42925.0
Turkana,2022,m,30,30860.0
Turkana,2022,m,35,23278.0
Turkana,2022,m,40,18870.0
Turkana,2022,m,45,13540.0
Turkana,2022,m,50,10904.0
Turkana,2022,m,55,6579.0
Turkana,2022,m,60,5495.0
Turkana,2022,m,65,3174.0
Turkana,2022,m,70,2449.0
Turkana,2022,m,75,1353.0
Turkana,2022,m,80,552.0
Turkana,2022,m,85,260.0
Turkana,2022,m,90,177.0
UasinGishu,2022,f,00,16607.0
UasinGishu,2022,f,01,64341.0
UasinGishu,2022,f,05,77144.0
UasinGishu,2022,f,10,81321.0
UasinGishu,2022,f,15,79242.0
UasinGishu,2022,f,20,73818.0
UasinGishu,2022,f,25,59231.0
UasinGishu,2022,f,30,50641.0
UasinGishu,2022,f,35,41030.0
UasinGishu,2022,f,40,32347.0
UasinGishu,2022,f,45,26657.0
UasinGishu,2022,f,50,19294.0
UasinGishu,2022,f,55,14991.0
UasinGishu,2022,f,60,9568.0
UasinGishu,2022,f,65,6302.0
UasinGishu,2022,f,70,3655.0
UasinGishu,2022,f,75,2942.0
UasinGishu,2022,f,80,1963.0
UasinGishu,2022,f,85,902.0
UasinGishu,2022,f,90,484.0
UasinGishu,2022,m,00,16826.0
UasinGishu,2022,m,01,65151.0
UasinGishu,2022,m,05,78727.0
UasinGishu,2022,m,10,79971.0
UasinGishu,2022,m,15,75786.0
UasinGishu,2022,m,20,73067.0
UasinGishu,2022,m,25,59644.0
UasinGishu,2022,m,30,51929.0
UasinGishu,2022,m,35,44098.0
UasinGishu,2022,m,40,34709.0
UasinGishu,2022,m,45,27987.0
UasinGishu,2022,m,50,20112.0
UasinGishu,2022,m,55,14742.0
UasinGishu,2022,m,60,9253.0
UasinGishu,2022,m,65,5667.0
UasinGishu,2022,m,70,3462.0
UasinGishu,2022,m,75,2199.0
UasinGishu,2022,m,80,1123.0
UasinGishu,2022,m,85,519.0
UasinGishu,2022,m,90,271.0
Vihiga,2022,f,00,6733.0
Vihiga,2022,f,01,26087.0
Vihiga,2022,f,05,37700.0
Vihiga,2022,f,10,42298.0
Vihiga,2022,f,15,37604.0
Vihiga,2022,f,20,21812.0
Vihiga,2022,f,25,17072.0
Vihiga,2022,f,30,17029.0
Vihiga,2022,f,35,15742.0
Vihiga,2022,f,40,14166.0
Vihiga,2022,f,45,12245.0
Vihiga,2022,f,50,12445.0
Vihiga,2022,f,55,11118.0
Vihiga,2022,f,60,9398.0
Vihiga,2022,f,65,6847.0
Vihiga,2022,f,70,4291.0
Vihiga,2022,f,75,3392.0
Vihiga,2022,f,80,2279.0
Vihiga,2022,f,85,1090.0
Vihiga,2022,f,90,575.0
Vihiga,2022,m,00,6673.0
Vihiga,2022,m,01,25836.0
Vihiga,2022,m,05,37356.0
Vihiga,2022,m,10,41495.0
Vihiga,2022,m,15,37094.0
Vihiga,2022,m,20,21781.0
Vihiga,2022,m,25,14674.0
Vihiga,2022,m,30,14932.0
Vihiga,2022,m,35,14432.0
Vihiga,2022,m,40,12617.0
Vihiga,2022,m,45,10888.0
Vihiga,2022,m,50,9838.0
Vihiga,2022,m,55,8657.0
Vihiga,2022,m,60,7504.0
Vihiga,2022,m,65,5519.0
Vihiga,2022,m,70,3838.0
Vihiga,2022,m,75,2309.0
Vihiga,2022,m,80,1175.0
Vihiga,2022,m,85,591.0
Vihiga,2022,m,90,331.0
Wajir,2022,f,00,13938.0
Wajir,2022,f,01,53998.0
Wajir,2022,f,05,70933.0
Wajir,2022,f,10,62561.0
Wajir,2022,f,15,47924.0
Wajir,2022,f,20,34303.0
Wajir,2022,f,25,30466.0
Wajir,2022,f,30,24182.0
Wajir,2022,f,35,19931.0
Wajir,2022,f,40,14890.0
Wajir,2022,f,45,7606.0
Wajir,2022,f,50,6579.0
Wajir,2022,f,55,3630.0
Wajir,2022,f,60,2974.0
Wajir,2022,f,65,1337.0
Wajir,2022,f,70,1137.0
Wajir,2022,f,75,484.0
Wajir,2022,f,80,274.0
Wajir,2022,f,85,269.0
Wajir,2022,f,90,354.0
Wajir,2022,m,00,14061.0
Wajir,2022,m,01,54444.0
Wajir,2022,m,05,74564.0
Wajir,2022,m,10,76224.0
Wajir,2022,m,15,62778.0
Wajir,2022,m,20,38507.0
Wajir,2022,m,25,29966.0
Wajir,2022,m,30,26188.0
Wajir,2022,m,35,19493.0
Wajir,2022,m,40,18917.0
Wajir,2022,m,45,10745.0
Wajir,2022,m,50,11114.0
Wajir,2022,m,55,5572.0
Wajir,2022,m,60,5310.0
Wajir,2022,m,65,2111.0
Wajir,2022,m,70,1723.0
Wajir,2022,m,75,886.0
Wajir,2022,m,80,387.0
Wajir,2022,m,85,250.0
Wajir,2022,m,90,225.0
WestPokot,2022,f,00,13659.0
WestPokot,2022,f,01,52914.0
WestPokot,2022,f,05,60957.0
WestPokot,2022,f,10,53789.0
WestPokot,2022,f,15,41435.0
WestPokot,2022,f,20,32942.0
WestPokot,2022,f,25,24975.0
WestPokot,2022,f,30,20080.0
WestPokot,2022,f,35,14377.0
WestPokot,2022,f,40,12191.0
WestPokot,2022,f,45,10846.0
WestPokot,2022,f,50,8187.0
WestPokot,2022,f,55,5597.0
WestPokot,2022,f,60,5137.0
WestPokot,2022,f,65,3852.0
WestPokot,2022,f,70,2499.0
WestPokot,2022,f,75,1405.0
WestPokot,2022,f,80,803.0
WestPokot,2022,f,85,454.0
WestPokot,2022,f,90,338.0
WestPokot,2022,m,00,13843.0
WestPokot,2022,m,01,53595.0
WestPokot,2022,m,05,61148.0
WestPokot,2022,m,10,53745.0
WestPokot,2022,m,15,41812.0
WestPokot,2022,m,20,31369.0
WestPokot,2022,m,25,24226.0
WestPokot,2022,m,30,20450.0
WestPokot,2022,m,35,14661.0
WestPokot,2022,m,40,12132.0
WestPokot,2022,m,45,10763.0
WestPokot,2022,m,50,7824.0
WestPokot,2022,m,55,5390.0
WestPokot,2022,m,60,4183.0
WestPokot,2022,m,65,2916.0
WestPokot,2022,m,70,2029.0
WestPokot,2022,m,75,1060.0
WestPokot,2022,m,80,448.0
WestPokot,2022,m,85,207.0
WestPokot,2022,m,90,125.0
Baringo,2023,f,00,10303.0
Baringo,2023,f,01,39687.0
Baringo,2023,f,05,49584.0
Baringo,2023,f,10,50200.0
Baringo,2023,f,15,43336.0
Baringo,2023,f,20,33344.0
Baringo,2023,f,25,25333.0
Baringo,2023,f,30,20323.0
Baringo,2023,f,35,16639.0
Baringo,2023,f,40,13701.0
Baringo,2023,f,45,12507.0
Baringo,2023,f,50,10428.0
Baringo,2023,f,55,7657.0
Baringo,2023,f,60,5969.0
Baringo,2023,f,65,4328.0
Baringo,2023,f,70,2894.0
Baringo,2023,f,75,1760.0
Baringo,2023,f,80,1148.0
Baringo,2023,f,85,728.0
Baringo,2023,f,90,544.0
Baringo,2023,m,00,10812.0
Baringo,2023,m,01,41611.0
Baringo,2023,m,05,51932.0
Baringo,2023,m,10,52714.0
Baringo,2023,m,15,46099.0
Baringo,2023,m,20,34803.0
Baringo,2023,m,25,24756.0
Baringo,2023,m,30,20678.0
Baringo,2023,m,35,17236.0
Baringo,2023,m,40,13942.0
Baringo,2023,m,45,11896.0
Baringo,2023,m,50,9365.0
Baringo,2023,m,55,7301.0
Baringo,2023,m,60,5745.0
Baringo,2023,m,65,3916.0
Baringo,2023,m,70,2653.0
Baringo,2023,m,75,1458.0
Baringo,2023,m,80,664.0
Baringo,2023,m,85,344.0
Baringo,2023,m,90,220.0
Bomet,2023,f,00,12521.0
Bomet,2023,f,01,48230.0
Bomet,2023,f,05,63074.0
Bomet,2023,f,10,68858.0
Bomet,2023,f,15,62821.0
Bomet,2023,f,20,47420.0
Bomet,2023,f,25,38057.0
Bomet,2023,f,30,35179.0
Bomet,2023,f,35,21649.0
Bomet,2023,f,40,20805.0
Bomet,2023,f,45,19392.0
Bomet,2023,f,50,12524.0
Bomet,2023,f,55,11492.0
Bomet,2023,f,60,8040.0
Bomet,2023,f,65,5484.0
Bomet,2023,f,70,3511.0
Bomet,2023,f,75,2553.0
Bomet,2023,f,80,1865.0
Bomet,2023,f,85,1075.0
Bomet,2023,f,90,603.0
Bomet,2023,m,00,12959.0
Bomet,2023,m,01,49873.0
Bomet,2023,m,05,65589.0
Bomet,2023,m,10,68625.0
Bomet,2023,m,15,63169.0
Bomet,2023,m,20,45280.0
Bomet,2023,m,25,34771.0
Bomet,2023,m,30,32159.0
Bomet,2023,m,35,26962.0
Bomet,2023,m,40,21815.0
Bomet,2023,m,45,19045.0
Bomet,2023,m,50,12176.0
Bomet,2023,m,55,10133.0
Bomet,2023,m,60,7475.0
Bomet,2023,m,65,4762.0
Bomet,2023,m,70,3094.0
Bomet,2023,m,75,1793.0
Bomet,2023,m,80,889.0
Bomet,2023,m,85,476.0
Bomet,2023,m,90,287.0
Bungoma,2023,f,00,28955.0
Bungoma,2023,f,01,111528.0
Bungoma,2023,f,05,152626.0
Bungoma,2023,f,10,163165.0
Bungoma,2023,f,15,143638.0
Bungoma,2023,f,20,94402.0
Bungoma,2023,f,25,73281.0
Bungoma,2023,f,30,67680.0
Bungoma,2023,f,35,52427.0
Bungoma,2023,f,40,48802.0
Bungoma,2023,f,45,39302.0
Bungoma,2023,f,50,35300.0
Bungoma,2023,f,55,30306.0
Bungoma,2023,f,60,21755.0
Bungoma,2023,f,65,14021.0
Bungoma,2023,f,70,8120.0
Bungoma,2023,f,75,5978.0
Bungoma,2023,f,80,3736.0
Bungoma,2023,f,85,1746.0
Bungoma,2023,f,90,945.0
Bungoma,2023,m,00,28920.0
Bungoma,2023,m,01,111297.0
Bungoma,2023,m,05,153371.0
Bungoma,2023,m,10,160541.0
Bungoma,2023,m,15,143051.0
Bungoma,2023,m,20,90224.0
Bungoma,2023,m,25,63807.0
Bungoma,2023,m,30,59671.0
Bungoma,2023,m,35,51479.0
Bungoma,2023,m,40,43799.0
Bungoma,2023,m,45,36541.0
Bungoma,2023,m,50,29116.0
Bungoma,2023,m,55,25692.0
Bungoma,2023,m,60,18574.0
Bungoma,2023,m,65,10966.0
Bungoma,2023,m,70,6302.0
Bungoma,2023,m,75,4214.0
Bungoma,2023,m,80,2096.0
Bungoma,2023,m,85,979.0
Bungoma,2023,m,90,553.0
Busia,2023,f,00,12972.0
Busia,2023,f,01,49959.0
Busia,2023,f,05,67273.0
Busia,2023,f,10,73458.0
Busia,2023,f,15,67550.0
Busia,2023,f,20,45230.0
Busia,2023,f,25,35253.0
Busia,2023,f,30,31749.0
Busia,2023,f,35,24669.0
Busia,2023,f,40,21974.0
Busia,2023,f,45,17387.0
Busia,2023,f,50,17698.0
Busia,2023,f,55,14885.0
Busia,2023,f,60,11091.0
Busia,2023,f,65,7389.0
Busia,2023,f,70,4637.0
Busia,2023,f,75,3197.0
Busia,2023,f,80,2006.0
Busia,2023,f,85,1033.0
Busia,2023,f,90,605.0
Busia,2023,m,00,12903.0
Busia,2023,m,01,49652.0
Busia,2023,m,05,65714.0
Busia,2023,m,10,71346.0
Busia,2023,m,15,65346.0
Busia,2023,m,20,41883.0
Busia,2023,m,25,28797.0
Busia,2023,m,30,26799.0
Busia,2023,m,35,24045.0
Busia,2023,m,40,19881.0
Busia,2023,m,45,15181.0
Busia,2023,m,50,13343.0
Busia,2023,m,55,11425.0
Busia,2023,m,60,8362.0
Busia,2023,m,65,5217.0
Busia,2023,m,70,3383.0
Busia,2023,m,75,2209.0
Busia,2023,m,80,1088.0
Busia,2023,m,85,529.0
Busia,2023,m,90,302.0
Elgeyo-Marakwet,2023,f,00,6188.0
Elgeyo-Marakwet,2023,f,01,23837.0
Elgeyo-Marakwet,2023,f,05,29865.0
Elgeyo-Marakwet,2023,f,10,30631.0
Elgeyo-Marakwet,2023,f,15,27998.0
Elgeyo-Marakwet,2023,f,20,21170.0
Elgeyo-Marakwet,2023,f,25,16173.0
Elgeyo-Marakwet,2023,f,30,13757.0
Elgeyo-Marakwet,2023,f,35,10943.0
Elgeyo-Marakwet,2023,f,40,9357.0
Elgeyo-Marakwet,2023,f,45,8637.0
Elgeyo-Marakwet,2023,f,50,6279.0
Elgeyo-Marakwet,2023,f,55,5527.0
Elgeyo-Marakwet,2023,f,60,4092.0
Elgeyo-Marakwet,2023,f,65,2929.0
Elgeyo-Marakwet,2023,f,70,2009.0
Elgeyo-Marakwet,2023,f,75,1397.0
Elgeyo-Marakwet,2023,f,80,893.0
Elgeyo-Marakwet,2023,f,85,476.0
Elgeyo-Marakwet,2023,f,90,293.0
Elgeyo-Marakwet,2023,m,00,6273.0
Elgeyo-Marakwet,2023,m,01,24143.0
Elgeyo-Marakwet,2023,m,05,30756.0
Elgeyo-Marakwet,2023,m,10,30423.0
Elgeyo-Marakwet,2023,m,15,28122.0
Elgeyo-Marakwet,2023,m,20,22517.0
Elgeyo-Marakwet,2023,m,25,16352.0
Elgeyo-Marakwet,2023,m,30,13799.0
Elgeyo-Marakwet,2023,m,35,11833.0
Elgeyo-Marakwet,2023,m,40,9705.0
Elgeyo-Marakwet,2023,m,45,8597.0
Elgeyo-Marakwet,2023,m,50,5793.0
Elgeyo-Marakwet,2023,m,55,5237.0
Elgeyo-Marakwet,2023,m,60,3834.0
Elgeyo-Marakwet,2023,m,65,2748.0
Elgeyo-Marakwet,2023,m,70,1667.0
Elgeyo-Marakwet,2023,m,75,1073.0
Elgeyo-Marakwet,2023,m,80,505.0
Elgeyo-Marakwet,2023,m,85,224.0
Elgeyo-Marakwet,2023,m,90,126.0
Embu,2023,f,00,7030.0
Embu,2023,f,01,27078.0
Embu,2023,f,05,32209.0
Embu,2023,f,10,35884.0
Embu,2023,f,15,36369.0
Embu,2023,f,20,29143.0
Embu,2023,f,25,23893.0
Embu,2023,f,30,24468.0
Embu,2023,f,35,25682.0
Embu,2023,f,40,21054.0
Embu,2023,f,45,18463.0
Embu,2023,f,50,16889.0
Embu,2023,f,55,13820.0
Embu,2023,f,60,8897.0
Embu,2023,f,65,6893.0
Embu,2023,f,70,4517.0
Embu,2023,f,75,2888.0
Embu,2023,f,80,2277.0
Embu,2023,f,85,1593.0
Embu,2023,f,90,1004.0
Embu,2023,m,00,7248.0
Embu,2023,m,01,27894.0
Embu,2023,m,05,32647.0
Embu,2023,m,10,36286.0
Embu,2023,m,15,37077.0
Embu,2023,m,20,31608.0
Embu,2023,m,25,26227.0
Embu,2023,m,30,26016.0
Embu,2023,m,35,26706.0
Embu,2023,m,40,22052.0
Embu,2023,m,45,18308.0
Embu,2023,m,50,15516.0
Embu,2023,m,55,12943.0
Embu,2023,m,60,8181.0
Embu,2023,m,65,6042.0
Embu,2023,m,70,3298.0
Embu,2023,m,75,2064.0
Embu,2023,m,80,1186.0
Embu,2023,m,85,635.0
Embu,2023,m,90,344.0
Garissa,2023,f,00,15688.0
Garissa,2023,f,01,60427.0
Garissa,2023,f,05,82289.0
Garissa,2023,f,10,74260.0
Garissa,2023,f,15,62970.0
Garissa,2023,f,20,47902.0
Garissa,2023,f,25,40273.0
Garissa,2023,f,30,29505.0
Garissa,2023,f,35,28236.0
Garissa,2023,f,40,21693.0
Garissa,2023,f,45,12118.0
Garissa,2023,f,50,11796.0
Garissa,2023,f,55,4726.0
Garissa,2023,f,60,6010.0
Garissa,2023,f,65,2063.0
Garissa,2023,f,70,2588.0
Garissa,2023,f,75,1000.0
Garissa,2023,f,80,653.0
Garissa,2023,f,85,1111.0
Garissa,2023,f,90,1266.0
Garissa,2023,m,00,17412.0
Garissa,2023,m,01,67009.0
Garissa,2023,m,05,94551.0
Garissa,2023,m,10,94292.0
Garissa,2023,m,15,78157.0
Garissa,2023,m,20,56033.0
Garissa,2023,m,25,35216.0
Garissa,2023,m,30,28454.0
Garissa,2023,m,35,23702.0
Garissa,2023,m,40,24751.0
Garissa,2023,m,45,15159.0
Garissa,2023,m,50,16831.0
Garissa,2023,m,55,7588.0
Garissa,2023,m,60,8604.0
Garissa,2023,m,65,2864.0
Garissa,2023,m,70,3212.0
Garissa,2023,m,75,1364.0
Garissa,2023,m,80,724.0
Garissa,2023,m,85,880.0
Garissa,2023,m,90,741.0
HomaBay,2023,f,00,17039.0
HomaBay,2023,f,01,65632.0
HomaBay,2023,f,05,84435.0
HomaBay,2023,f,10,91122.0
HomaBay,2023,f,15,75878.0
HomaBay,2023,f,20,55698.0
HomaBay,2023,f,25,44219.0
HomaBay,2023,f,30,42076.0
HomaBay,2023,f,35,29213.0
HomaBay,2023,f,40,25412.0
HomaBay,2023,f,45,20515.0
HomaBay,2023,f,50,16983.0
HomaBay,2023,f,55,16335.0
HomaBay,2023,f,60,13406.0
HomaBay,2023,f,65,9615.0
HomaBay,2023,f,70,6219.0
HomaBay,2023,f,75,3940.0
HomaBay,2023,f,80,2386.0
HomaBay,2023,f,85,1257.0
HomaBay,2023,f,90,752.0
HomaBay,2023,m,00,17228.0
HomaBay,2023,m,01,66305.0
HomaBay,2023,m,05,83905.0
HomaBay,2023,m,10,90532.0
HomaBay,2023,m,15,74304.0
HomaBay,2023,m,20,49269.0
HomaBay,2023,m,25,35648.0
HomaBay,2023,m,30,33571.0
HomaBay,2023,m,35,30296.0
HomaBay,2023,m,40,23811.0
HomaBay,2023,m,45,16225.0
HomaBay,2023,m,50,12613.0
HomaBay,2023,m,55,11362.0
HomaBay,2023,m,60,9294.0
HomaBay,2023,m,65,6463.0
HomaBay,2023,m,70,4242.0
HomaBay,2023,m,75,2471.0
HomaBay,2023,m,80,1183.0
HomaBay,2023,m,85,616.0
HomaBay,2023,m,90,395.0
Isiolo,2023,f,00,6300.0
Isiolo,2023,f,01,24266.0
Isiolo,2023,f,05,29093.0
Isiolo,2023,f,10,26672.0
Isiolo,2023,f,15,22374.0
Isiolo,2023,f,20,18101.0
Isiolo,2023,f,25,14511.0
Isiolo,2023,f,30,12435.0
Isiolo,2023,f,35,9843.0
Isiolo,2023,f,40,6902.0
Isiolo,2023,f,45,5307.0
Isiolo,2023,f,50,4414.0
Isiolo,2023,f,55,3781.0
Isiolo,2023,f,60,2938.0
Isiolo,2023,f,65,1624.0
Isiolo,2023,f,70,1238.0
Isiolo,2023,f,75,637.0
Isiolo,2023,f,80,426.0
Isiolo,2023,f,85,357.0
Isiolo,2023,f,90,307.0
Isiolo,2023,m,00,6447.0
Isiolo,2023,m,01,24813.0
Isiolo,2023,m,05,30729.0
Isiolo,2023,m,10,29665.0
Isiolo,2023,m,15,26570.0
Isiolo,2023,m,20,19989.0
Isiolo,2023,m,25,15740.0
Isiolo,2023,m,30,14131.0
Isiolo,2023,m,35,11180.0
Isiolo,2023,m,40,8673.0
Isiolo,2023,m,45,6002.0
Isiolo,2023,m,50,5258.0
Isiolo,2023,m,55,3862.0
Isiolo,2023,m,60,3593.0
Isiolo,2023,m,65,1764.0
Isiolo,2023,m,70,1294.0
Isiolo,2023,m,75,728.0
Isiolo,2023,m,80,347.0
Isiolo,2023,m,85,217.0
Isiolo,2023,m,90,157.0
Kajiado,2023,f,00,21393.0
Kajiado,2023,f,01,82396.0
Kajiado,2023,f,05,91176.0
Kajiado,2023,f,10,82470.0
Kajiado,2023,f,15,72620.0
Kajiado,2023,f,20,87366.0
Kajiado,2023,f,25,79112.0
Kajiado,2023,f,30,63551.0
Kajiado,2023,f,35,50822.0
Kajiado,2023,f,40,36240.0
Kajiado,2023,f,45,27339.0
Kajiado,2023,f,50,21029.0
Kajiado,2023,f,55,13415.0
Kajiado,2023,f,60,9037.0
Kajiado,2023,f,65,5150.0
Kajiado,2023,f,70,3250.0
Kajiado,2023,f,75,1963.0
Kajiado,2023,f,80,1232.0
Kajiado,2023,f,85,746.0
Kajiado,2023,f,90,512.0
Kajiado,2023,m,00,21944.0
Kajiado,2023,m,01,84443.0
Kajiado,2023,m,05,92561.0
Kajiado,2023,m,10,79329.0
Kajiado,2023,m,15,67112.0
Kajiado,2023,m,20,77870.0
Kajiado,2023,m,25,77004.0
Kajiado,2023,m,30,67724.0
Kajiado,2023,m,35,56488.0
Kajiado,2023,m,40,40267.0
Kajiado,2023,m,45,31710.0
Kajiado,2023,m,50,23854.0
Kajiado,2023,m,55,14800.0
Kajiado,2023,m,60,8978.0
Kajiado,2023,m,65,4961.0
Kajiado,2023,m,70,3028.0
Kajiado,2023,m,75,1722.0
Kajiado,2023,m,80,771.0
Kajiado,2023,m,85,371.0
Kajiado,2023,m,90,216.0
Kakamega,2023,f,00,21101.0
Kakamega,2023,f,01,81278.0
Kakamega,2023,f,05,114951.0
Kakamega,2023,f,10,125736.0
Kakamega,2023,f,15,111614.0
Kakamega,2023,f,20,71400.0
Kakamega,2023,f,25,56739.0
Kakamega,2023,f,30,55531.0
Kakamega,2023,f,35,43222.0
Kakamega,2023,f,40,39848.0
Kakamega,2023,f,45,32142.0
Kakamega,2023,f,50,31062.0
Kakamega,2023,f,55,25918.0
Kakamega,2023,f,60,20370.0
Kakamega,2023,f,65,13668.0
Kakamega,2023,f,70,7992.0
Kakamega,2023,f,75,6118.0
Kakamega,2023,f,80,3586.0
Kakamega,2023,f,85,1505.0
Kakamega,2023,f,90,748.0
Kakamega,2023,m,00,20997.0
Kakamega,2023,m,01,80808.0
Kakamega,2023,m,05,114524.0
Kakamega,2023,m,10,122358.0
Kakamega,2023,m,15,108766.0
Kakamega,2023,m,20,67523.0
Kakamega,2023,m,25,46413.0
Kakamega,2023,m,30,45776.0
Kakamega,2023,m,35,41637.0
Kakamega,2023,m,40,35718.0
Kakamega,2023,m,45,28610.0
Kakamega,2023,m,50,24611.0
Kakamega,2023,m,55,21192.0
Kakamega,2023,m,60,16360.0
Kakamega,2023,m,65,10572.0
Kakamega,2023,m,70,6602.0
Kakamega,2023,m,75,4147.0
Kakamega,2023,m,80,1956.0
Kakamega,2023,m,85,906.0
Kakamega,2023,m,90,493.0
Kericho,2023,f,00,12200.0
Kericho,2023,f,01,46991.0
Kericho,2023,f,05,60420.0
Kericho,2023,f,10,65475.0
Kericho,2023,f,15,60314.0
Kericho,2023,f,20,48180.0
Kericho,2023,f,25,40248.0
Kericho,2023,f,30,36856.0
Kericho,2023,f,35,24446.0
Kericho,2023,f,40,21981.0
Kericho,2023,f,45,19615.0
Kericho,2023,f,50,13569.0
Kericho,2023,f,55,12402.0
Kericho,2023,f,60,8796.0
Kericho,2023,f,65,5680.0
Kericho,2023,f,70,3386.0
Kericho,2023,f,75,2232.0
Kericho,2023,f,80,1601.0
Kericho,2023,f,85,996.0
Kericho,2023,f,90,656.0
Kericho,2023,m,00,12529.0
Kericho,2023,m,01,48218.0
Kericho,2023,m,05,61766.0
Kericho,2023,m,10,65088.0
Kericho,2023,m,15,60100.0
Kericho,2023,m,20,47190.0
Kericho,2023,m,25,38569.0
Kericho,2023,m,30,35912.0
Kericho,2023,m,35,29866.0
Kericho,2023,m,40,24390.0
Kericho,2023,m,45,20441.0
Kericho,2023,m,50,13471.0
Kericho,2023,m,55,11481.0
Kericho,2023,m,60,8109.0
Kericho,2023,m,65,5504.0
Kericho,2023,m,70,3532.0
Kericho,2023,m,75,1850.0
Kericho,2023,m,80,857.0
Kericho,2023,m,85,454.0
Kericho,2023,m,90,288.0
Kiambu,2023,f,00,35258.0
Kiambu,2023,f,01,135807.0
Kiambu,2023,f,05,140659.0
Kiambu,2023,f,10,132217.0
Kiambu,2023,f,15,142157.0
Kiambu,2023,f,20,182469.0
Kiambu,2023,f,25,160199.0
Kiambu,2023,f,30,135578.0
Kiambu,2023,f,35,125169.0
Kiambu,2023,f,40,91012.0
Kiambu,2023,f,45,71218.0
Kiambu,2023,f,50,57107.0
Kiambu,2023,f,55,38145.0
Kiambu,2023,f,60,22712.0
Kiambu,2023,f,65,15607.0
Kiambu,2023,f,70,10026.0
Kiambu,2023,f,75,7490.0
Kiambu,2023,f,80,5058.0
Kiambu,2023,f,85,2596.0
Kiambu,2023,f,90,1427.0
Kiambu,2023,m,00,36010.0
Kiambu,2023,m,01,138589.0
Kiambu,2023,m,05,141161.0
Kiambu,2023,m,10,129162.0
Kiambu,2023,m,15,125817.0
Kiambu,2023,m,20,164274.0
Kiambu,2023,m,25,156764.0
Kiambu,2023,m,30,139698.0
Kiambu,2023,m,35,123166.0
Kiambu,2023,m,40,94337.0
Kiambu,2023,m,45,74958.0
Kiambu,2023,m,50,58932.0
Kiambu,2023,m,55,40154.0
Kiambu,2023,m,60,22508.0
Kiambu,2023,m,65,13917.0
Kiambu,2023,m,70,8705.0
Kiambu,2023,m,75,4781.0
Kiambu,2023,m,80,2105.0
Kiambu,2023,m,85,988.0
Kiambu,2023,m,90,558.0
Kilifi,2023,f,00,23853.0
Kilifi,2023,f,01,91879.0
Kilifi,2023,f,05,112145.0
Kilifi,2023,f,10,113267.0
Kilifi,2023,f,15,103434.0
Kilifi,2023,f,20,82862.0
Kilifi,2023,f,25,68456.0
Kilifi,2023,f,30,58440.0
Kilifi,2023,f,35,41993.0
Kilifi,2023,f,40,41737.0
Kilifi,2023,f,45,28683.0
Kilifi,2023,f,50,25004.0
Kilifi,2023,f,55,19604.0
Kilifi,2023,f,60,20491.0
Kilifi,2023,f,65,11795.0
Kilifi,2023,f,70,7181.0
Kilifi,2023,f,75,4647.0
Kilifi,2023,f,80,2702.0
Kilifi,2023,f,85,1384.0
Kilifi,2023,f,90,770.0
Kilifi,2023,m,00,24253.0
Kilifi,2023,m,01,93339.0
Kilifi,2023,m,05,113727.0
Kilifi,2023,m,10,112324.0
Kilifi,2023,m,15,102527.0
Kilifi,2023,m,20,78779.0
Kilifi,2023,m,25,60569.0
Kilifi,2023,m,30,48400.0
Kilifi,2023,m,35,40206.0
Kilifi,2023,m,40,35618.0
Kilifi,2023,m,45,29332.0
Kilifi,2023,m,50,23562.0
Kilifi,2023,m,55,17707.0
Kilifi,2023,m,60,13116.0
Kilifi,2023,m,65,9443.0
Kilifi,2023,m,70,5222.0
Kilifi,2023,m,75,3470.0
Kilifi,2023,m,80,1494.0
Kilifi,2023,m,85,559.0
Kilifi,2023,m,90,269.0
Kirinyaga,2023,f,00,8961.0
Kirinyaga,2023,f,01,34516.0
Kirinyaga,2023,f,05,40648.0
Kirinyaga,2023,f,10,43838.0
Kirinyaga,2023,f,15,45246.0
Kirinyaga,2023,f,20,35512.0
Kirinyaga,2023,f,25,31118.0
Kirinyaga,2023,f,30,35994.0
Kirinyaga,2023,f,35,41827.0
Kirinyaga,2023,f,40,34677.0
Kirinyaga,2023,f,45,29732.0
Kirinyaga,2023,f,50,27318.0
Kirinyaga,2023,f,55,21187.0
Kirinyaga,2023,f,60,12779.0
Kirinyaga,2023,f,65,9837.0
Kirinyaga,2023,f,70,6790.0
Kirinyaga,2023,f,75,4160.0
Kirinyaga,2023,f,80,3241.0
Kirinyaga,2023,f,85,2345.0
Kirinyaga,2023,f,90,1479.0
Kirinyaga,2023,m,00,9011.0
Kirinyaga,2023,m,01,34679.0
Kirinyaga,2023,m,05,40861.0
Kirinyaga,2023,m,10,43657.0
Kirinyaga,2023,m,15,45616.0
Kirinyaga,2023,m,20,37271.0
Kirinyaga,2023,m,25,31447.0
Kirinyaga,2023,m,30,36518.0
Kirinyaga,2023,m,35,41373.0
Kirinyaga,2023,m,40,34784.0
Kirinyaga,2023,m,45,29463.0
Kirinyaga,2023,m,50,26565.0
Kirinyaga,2023,m,55,20651.0
Kirinyaga,2023,m,60,12335.0
Kirinyaga,2023,m,65,8397.0
Kirinyaga,2023,m,70,5086.0
Kirinyaga,2023,m,75,2908.0
Kirinyaga,2023,m,80,1474.0
Kirinyaga,2023,m,85,783.0
Kirinyaga,2023,m,90,469.0
Kisii,2023,f,00,15469.0
Kisii,2023,f,01,59584.0
Kisii,2023,f,05,84771.0
Kisii,2023,f,10,96435.0
Kisii,2023,f,15,82499.0
Kisii,2023,f,20,59441.0
Kisii,2023,f,25,52854.0
Kisii,2023,f,30,52717.0
Kisii,2023,f,35,35817.0
Kisii,2023,f,40,30071.0
Kisii,2023,f,45,29901.0
Kisii,2023,f,50,18468.0
Kisii,2023,f,55,22821.0
Kisii,2023,f,60,17320.0
Kisii,2023,f,65,10886.0
Kisii,2023,f,70,6276.0
Kisii,2023,f,75,3764.0
Kisii,2023,f,80,2555.0
Kisii,2023,f,85,1571.0
Kisii,2023,f,90,1021.0
Kisii,2023,m,00,15592.0
Kisii,2023,m,01,60006.0
Kisii,2023,m,05,85058.0
Kisii,2023,m,10,95995.0
Kisii,2023,m,15,79726.0
Kisii,2023,m,20,51242.0
Kisii,2023,m,25,41742.0
Kisii,2023,m,30,40979.0
Kisii,2023,m,35,35225.0
Kisii,2023,m,40,29488.0
Kisii,2023,m,45,23554.0
Kisii,2023,m,50,18089.0
Kisii,2023,m,55,19895.0
Kisii,2023,m,60,14273.0
Kisii,2023,m,65,8491.0
Kisii,2023,m,70,5072.0
Kisii,2023,m,75,2951.0
Kisii,2023,m,80,1443.0
Kisii,2023,m,85,748.0
Kisii,2023,m,90,467.0
Kisumu,2023,f,00,16636.0
Kisumu,2023,f,01,64080.0
Kisumu,2023,f,05,79804.0
Kisumu,2023,f,10,89269.0
Kisumu,2023,f,15,82136.0
Kisumu,2023,f,20,69850.0
Kisumu,2023,f,25,57809.0
Kisumu,2023,f,30,50336.0
Kisumu,2023,f,35,37207.0
Kisumu,2023,f,40,28733.0
Kisumu,2023,f,45,20603.0
Kisumu,2023,f,50,19600.0
Kisumu,2023,f,55,17216.0
Kisumu,2023,f,60,13841.0
Kisumu,2023,f,65,9491.0
Kisumu,2023,f,70,5701.0
Kisumu,2023,f,75,3759.0
Kisumu,2023,f,80,2255.0
Kisumu,2023,f,85,1105.0
Kisumu,2023,f,90,618.0
Kisumu,2023,m,00,16594.0
Kisumu,2023,m,01,63865.0
Kisumu,2023,m,05,79793.0
Kisumu,2023,m,10,87204.0
Kisumu,2023,m,15,76689.0
Kisumu,2023,m,20,61784.0
Kisumu,2023,m,25,51064.0
Kisumu,2023,m,30,47850.0
Kisumu,2023,m,35,42288.0
Kisumu,2023,m,40,32152.0
Kisumu,2023,m,45,21780.0
Kisumu,2023,m,50,16921.0
Kisumu,2023,m,55,13691.0
Kisumu,2023,m,60,10509.0
Kisumu,2023,m,65,7122.0
Kisumu,2023,m,70,4498.0
Kisumu,2023,m,75,2501.0
Kisumu,2023,m,80,1120.0
Kisumu,2023,m,85,541.0
Kisumu,2023,m,90,319.0
Kitui,2023,f,00,13752.0
Kitui,2023,f,01,52969.0
Kitui,2023,f,05,72068.0
Kitui,2023,f,10,86808.0
Kitui,2023,f,15,81898.0
Kitui,2023,f,20,48625.0
Kitui,2023,f,25,37419.0
Kitui,2023,f,30,37951.0
Kitui,2023,f,35,36421.0
Kitui,2023,f,40,31384.0
Kitui,2023,f,45,29785.0
Kitui,2023,f,50,23130.0
Kitui,2023,f,55,18134.0
Kitui,2023,f,60,14426.0
Kitui,2023,f,65,11730.0
Kitui,2023,f,70,8778.0
Kitui,2023,f,75,5212.0
Kitui,2023,f,80,3641.0
Kitui,2023,f,85,2595.0
Kitui,2023,f,90,1944.0
Kitui,2023,m,00,14048.0
Kitui,2023,m,01,54065.0
Kitui,2023,m,05,73754.0
Kitui,2023,m,10,87841.0
Kitui,2023,m,15,83335.0
Kitui,2023,m,20,48975.0
Kitui,2023,m,25,33621.0
Kitui,2023,m,30,32268.0
Kitui,2023,m,35,30582.0
Kitui,2023,m,40,26703.0
Kitui,2023,m,45,24290.0
Kitui,2023,m,50,19328.0
Kitui,2023,m,55,15555.0
Kitui,2023,m,60,11954.0
Kitui,2023,m,65,8969.0
Kitui,2023,m,70,5755.0
Kitui,2023,m,75,3929.0
Kitui,2023,m,80,2226.0
Kitui,2023,m,85,1222.0
Kitui,2023,m,90,781.0
Kwale,2023,f,00,15809.0
Kwale,2023,f,01,60894.0
Kwale,2023,f,05,72849.0
Kwale,2023,f,10,69769.0
Kwale,2023,f,15,59252.0
Kwale,2023,f,20,45989.0
Kwale,2023,f,25,39535.0
Kwale,2023,f,30,33682.0
Kwale,2023,f,35,27119.0
Kwale,2023,f,40,24565.0
Kwale,2023,f,45,17739.0
Kwale,2023,f,50,12312.0
Kwale,2023,f,55,10443.0
Kwale,2023,f,60,11040.0
Kwale,2023,f,65,6979.0
Kwale,2023,f,70,4361.0
Kwale,2023,f,75,2277.0
Kwale,2023,f,80,1351.0
Kwale,2023,f,85,840.0
Kwale,2023,f,90,550.0
Kwale,2023,m,00,16099.0
Kwale,2023,m,01,61957.0
Kwale,2023,m,05,74777.0
Kwale,2023,m,10,70185.0
Kwale,2023,m,15,59311.0
Kwale,2023,m,20,41251.0
Kwale,2023,m,25,33802.0
Kwale,2023,m,30,29250.0
Kwale,2023,m,35,25326.0
Kwale,2023,m,40,22566.0
Kwale,2023,m,45,18384.0
Kwale,2023,m,50,14457.0
Kwale,2023,m,55,10831.0
Kwale,2023,m,60,8641.0
Kwale,2023,m,65,6125.0
Kwale,2023,m,70,3468.0
Kwale,2023,m,75,2162.0
Kwale,2023,m,80,976.0
Kwale,2023,m,85,404.0
Kwale,2023,m,90,198.0
Laikipia,2023,f,00,7691.0
Laikipia,2023,f,01,29624.0
Laikipia,2023,f,05,34675.0
Laikipia,2023,f,10,34903.0
Laikipia,2023,f,15,32466.0
Laikipia,2023,f,20,25356.0
Laikipia,2023,f,25,20944.0
Laikipia,2023,f,30,20299.0
Laikipia,2023,f,35,18839.0
Laikipia,2023,f,40,15717.0
Laikipia,2023,f,45,13500.0
Laikipia,2023,f,50,12279.0
Laikipia,2023,f,55,9378.0
Laikipia,2023,f,60,6296.0
Laikipia,2023,f,65,4568.0
Laikipia,2023,f,70,3067.0
Laikipia,2023,f,75,2181.0
Laikipia,2023,f,80,1280.0
Laikipia,2023,f,85,595.0
Laikipia,2023,f,90,344.0
Laikipia,2023,m,00,7932.0
Laikipia,2023,m,01,30528.0
Laikipia,2023,m,05,35515.0
Laikipia,2023,m,10,36145.0
Laikipia,2023,m,15,33943.0
Laikipia,2023,m,20,25504.0
Laikipia,2023,m,25,20776.0
Laikipia,2023,m,30,20288.0
Laikipia,2023,m,35,19568.0
Laikipia,2023,m,40,16286.0
Laikipia,2023,m,45,13533.0
Laikipia,2023,m,50,11850.0
Laikipia,2023,m,55,9039.0
Laikipia,2023,m,60,5676.0
Laikipia,2023,m,65,3880.0
Laikipia,2023,m,70,2778.0
Laikipia,2023,m,75,1738.0
Laikipia,2023,m,80,778.0
Laikipia,2023,m,85,347.0
Laikipia,2023,m,90,187.0
Lamu,2023,f,00,2305.0
Lamu,2023,f,01,8879.0
Lamu,2023,f,05,10690.0
Lamu,2023,f,10,10426.0
Lamu,2023,f,15,9212.0
Lamu,2023,f,20,7316.0
Lamu,2023,f,25,6013.0
Lamu,2023,f,30,5503.0
Lamu,2023,f,35,4816.0
Lamu,2023,f,40,4108.0
Lamu,2023,f,45,3415.0
Lamu,2023,f,50,2700.0
Lamu,2023,f,55,2296.0
Lamu,2023,f,60,1729.0
Lamu,2023,f,65,1136.0
Lamu,2023,f,70,691.0
Lamu,2023,f,75,368.0
Lamu,2023,f,80,205.0
Lamu,2023,f,85,118.0
Lamu,2023,f,90,96.0
Lamu,2023,m,00,2436.0
Lamu,2023,m,01,9377.0
Lamu,2023,m,05,11040.0
Lamu,2023,m,10,10853.0
Lamu,2023,m,15,9832.0
Lamu,2023,m,20,9181.0
Lamu,2023,m,25,7985.0
Lamu,2023,m,30,6848.0
Lamu,2023,m,35,5756.0
Lamu,2023,m,40,4945.0
Lamu,2023,m,45,4153.0
Lamu,2023,m,50,3259.0
Lamu,2023,m,55,2519.0
Lamu,2023,m,60,1785.0
Lamu,2023,m,65,1168.0
Lamu,2023,m,70,738.0
Lamu,2023,m,75,417.0
Lamu,2023,m,80,171.0
Lamu,2023,m,85,73.0
Lamu,2023,m,90,40.0
Machakos,2023,f,00,18089.0
Machakos,2023,f,01,69675.0
Machakos,2023,f,05,82572.0
Machakos,2023,f,10,89817.0
Machakos,2023,f,15,87411.0
Machakos,2023,f,20,82011.0
Machakos,2023,f,25,72017.0
Machakos,2023,f,30,65913.0
Machakos,2023,f,35,63234.0
Machakos,2023,f,40,50123.0
Machakos,2023,f,45,38921.0
Machakos,2023,f,50,31808.0
Machakos,2023,f,55,25718.0
Machakos,2023,f,60,20230.0
Machakos,2023,f,65,14520.0
Machakos,2023,f,70,8380.0
Machakos,2023,f,75,5923.0
Machakos,2023,f,80,4526.0
Machakos,2023,f,85,2730.0
Machakos,2023,f,90,1596.0
Machakos,2023,m,00,18535.0
Machakos,2023,m,01,71333.0
Machakos,2023,m,05,85099.0
Machakos,2023,m,10,90391.0
Machakos,2023,m,15,87255.0
Machakos,2023,m,20,84242.0
Machakos,2023,m,25,74247.0
Machakos,2023,m,30,70077.0
Machakos,2023,m,35,66097.0
Machakos,2023,m,40,52701.0
Machakos,2023,m,45,42552.0
Machakos,2023,m,50,32321.0
Machakos,2023,m,55,25508.0
Machakos,2023,m,60,19412.0
Machakos,2023,m,65,11771.0
Machakos,2023,m,70,6655.0
Machakos,2023,m,75,3713.0
Machakos,2023,m,80,2060.0
Machakos,2023,m,85,1273.0
Machakos,2023,m,90,809.0
Makueni,2023,f,00,10492.0
Makueni,2023,f,01,40413.0
Makueni,2023,f,05,55294.0
Makueni,2023,f,10,68176.0
Makueni,2023,f,15,65668.0
Makueni,2023,f,20,40968.0
Makueni,2023,f,25,34172.0
Makueni,2023,f,30,34276.0
Makueni,2023,f,35,33840.0
Makueni,2023,f,40,28698.0
Makueni,2023,f,45,28105.0
Makueni,2023,f,50,21007.0
Makueni,2023,f,55,17655.0
Makueni,2023,f,60,15176.0
Makueni,2023,f,65,11974.0
Makueni,2023,f,70,7212.0
Makueni,2023,f,75,4906.0
Makueni,2023,f,80,3759.0
Makueni,2023,f,85,2344.0
Makueni,2023,f,90,1357.0
Makueni,2023,m,00,10794.0
Makueni,2023,m,01,41543.0
Makueni,2023,m,05,57162.0
Makueni,2023,m,10,68936.0
Makueni,2023,m,15,68822.0
Makueni,2023,m,20,46940.0
Makueni,2023,m,25,35418.0
Makueni,2023,m,30,33990.0
Makueni,2023,m,35,33017.0
Makueni,2023,m,40,27876.0
Makueni,2023,m,45,25159.0
Makueni,2023,m,50,19752.0
Makueni,2023,m,55,15731.0
Makueni,2023,m,60,12938.0
Makueni,2023,m,65,9108.0
Makueni,2023,m,70,5515.0
Makueni,2023,m,75,3249.0
Makueni,2023,m,80,1816.0
Makueni,2023,m,85,1099.0
Makueni,2023,m,90,722.0
Mandera,2023,f,00,20210.0
Mandera,2023,f,01,77831.0
Mandera,2023,f,05,92822.0
Mandera,2023,f,10,76275.0
Mandera,2023,f,15,58948.0
Mandera,2023,f,20,41436.0
Mandera,2023,f,25,31356.0
Mandera,2023,f,30,23873.0
Mandera,2023,f,35,19219.0
Mandera,2023,f,40,15010.0
Mandera,2023,f,45,8090.0
Mandera,2023,f,50,7048.0
Mandera,2023,f,55,3948.0
Mandera,2023,f,60,3599.0
Mandera,2023,f,65,1581.0
Mandera,2023,f,70,1432.0
Mandera,2023,f,75,554.0
Mandera,2023,f,80,318.0
Mandera,2023,f,85,361.0
Mandera,2023,f,90,454.0
Mandera,2023,m,00,17518.0
Mandera,2023,m,01,67402.0
Mandera,2023,m,05,84357.0
Mandera,2023,m,10,83453.0
Mandera,2023,m,15,67969.0
Mandera,2023,m,20,43232.0
Mandera,2023,m,25,30364.0
Mandera,2023,m,30,24947.0
Mandera,2023,m,35,17354.0
Mandera,2023,m,40,17185.0
Mandera,2023,m,45,9883.0
Mandera,2023,m,50,9395.0
Mandera,2023,m,55,5141.0
Mandera,2023,m,60,5060.0
Mandera,2023,m,65,2183.0
Mandera,2023,m,70,1749.0
Mandera,2023,m,75,938.0
Mandera,2023,m,80,468.0
Mandera,2023,m,85,348.0
Mandera,2023,m,90,292.0
Marsabit,2023,f,00,8676.0
Marsabit,2023,f,01,33420.0
Marsabit,2023,f,05,43615.0
Marsabit,2023,f,10,39849.0
Marsabit,2023,f,15,32701.0
Marsabit,2023,f,20,25227.0
Marsabit,2023,f,25,19647.0
Marsabit,2023,f,30,15277.0
Marsabit,2023,f,35,11238.0
Marsabit,2023,f,40,9095.0
Marsabit,2023,f,45,7210.0
Marsabit,2023,f,50,6768.0
Marsabit,2023,f,55,4538.0
Marsabit,2023,f,60,3859.0
Marsabit,2023,f,65,2192.0
Marsabit,2023,f,70,1921.0
Marsabit,2023,f,75,830.0
Marsabit,2023,f,80,495.0
Marsabit,2023,f,85,482.0
Marsabit,2023,f,90,518.0
Marsabit,2023,m,00,9036.0
Marsabit,2023,m,01,34777.0
Marsabit,2023,m,05,45240.0
Marsabit,2023,m,10,44628.0
Marsabit,2023,m,15,41288.0
Marsabit,2023,m,20,30654.0
Marsabit,2023,m,25,23814.0
Marsabit,2023,m,30,18655.0
Marsabit,2023,m,35,13355.0
Marsabit,2023,m,40,11591.0
Marsabit,2023,m,45,8006.0
Marsabit,2023,m,50,7593.0
Marsabit,2023,m,55,4879.0
Marsabit,2023,m,60,4278.0
Marsabit,2023,m,65,2252.0
Marsabit,2023,m,70,2112.0
Marsabit,2023,m,75,991.0
Marsabit,2023,m,80,482.0
Marsabit,2023,m,85,412.0
Marsabit,2023,m,90,369.0
Meru,2023,f,00,18735.0
Meru,2023,f,01,72163.0
Meru,2023,f,05,88175.0
Meru,2023,f,10,98477.0
Meru,2023,f,15,93615.0
Meru,2023,f,20,71588.0
Meru,2023,f,25,58793.0
Meru,2023,f,30,60029.0
Meru,2023,f,35,60758.0
Meru,2023,f,40,46860.0
Meru,2023,f,45,40805.0
Meru,2023,f,50,29798.0
Meru,2023,f,55,26806.0
Meru,2023,f,60,19861.0
Meru,2023,f,65,14596.0
Meru,2023,f,70,10223.0
Meru,2023,f,75,5835.0
Meru,2023,f,80,4206.0
Meru,2023,f,85,2941.0
Meru,2023,f,90,1814.0
Meru,2023,m,00,18963.0
Meru,2023,m,01,72980.0
Meru,2023,m,05,89347.0
Meru,2023,m,10,97893.0
Meru,2023,m,15,88994.0
Meru,2023,m,20,73892.0
Meru,2023,m,25,61060.0
Meru,2023,m,30,61178.0
Meru,2023,m,35,62588.0
Meru,2023,m,40,50468.0
Meru,2023,m,45,40069.0
Meru,2023,m,50,30417.0
Meru,2023,m,55,25346.0
Meru,2023,m,60,17869.0
Meru,2023,m,65,12424.0
Meru,2023,m,70,8022.0
Meru,2023,m,75,4660.0
Meru,2023,m,80,2341.0
Meru,2023,m,85,1238.0
Meru,2023,m,90,724.0
Migori,2023,f,00,19499.0
Migori,2023,f,01,75100.0
Migori,2023,f,05,94917.0
Migori,2023,f,10,99245.0
Migori,2023,f,15,82579.0
Migori,2023,f,20,64122.0
Migori,2023,f,25,49537.0
Migori,2023,f,30,42922.0
Migori,2023,f,35,29802.0
Migori,2023,f,40,25233.0
Migori,2023,f,45,21136.0
Migori,2023,f,50,16679.0
Migori,2023,f,55,14471.0
Migori,2023,f,60,11227.0
Migori,2023,f,65,7732.0
Migori,2023,f,70,4681.0
Migori,2023,f,75,3185.0
Migori,2023,f,80,1962.0
Migori,2023,f,85,997.0
Migori,2023,f,90,611.0
Migori,2023,m,00,19360.0
Migori,2023,m,01,74501.0
Migori,2023,m,05,94276.0
Migori,2023,m,10,97219.0
Migori,2023,m,15,78685.0
Migori,2023,m,20,55476.0
Migori,2023,m,25,42091.0
Migori,2023,m,30,37540.0
Migori,2023,m,35,31444.0
Migori,2023,m,40,24588.0
Migori,2023,m,45,18325.0
Migori,2023,m,50,13594.0
Migori,2023,m,55,10915.0
Migori,2023,m,60,8302.0
Migori,2023,m,65,5338.0
Migori,2023,m,70,3358.0
Migori,2023,m,75,2067.0
Migori,2023,m,80,1008.0
Migori,2023,m,85,510.0
Migori,2023,m,90,317.0
Mombasa,2023,f,00,17509.0
Mombasa,2023,f,01,67441.0
Mombasa,2023,f,05,71753.0
Mombasa,2023,f,10,63897.0
Mombasa,2023,f,15,64862.0
Mombasa,2023,f,20,87285.0
Mombasa,2023,f,25,82300.0
Mombasa,2023,f,30,65698.0
Mombasa,2023,f,35,54218.0
Mombasa,2023,f,40,38999.0
Mombasa,2023,f,45,27085.0
Mombasa,2023,f,50,18579.0
Mombasa,2023,f,55,12589.0
Mombasa,2023,f,60,8374.0
Mombasa,2023,f,65,4939.0
Mombasa,2023,f,70,2658.0
Mombasa,2023,f,75,1460.0
Mombasa,2023,f,80,800.0
Mombasa,2023,f,85,412.0
Mombasa,2023,f,90,278.0
Mombasa,2023,m,00,17967.0
Mombasa,2023,m,01,69148.0
Mombasa,2023,m,05,70888.0
Mombasa,2023,m,10,61801.0
Mombasa,2023,m,15,55931.0
Mombasa,2023,m,20,78475.0
Mombasa,2023,m,25,82123.0
Mombasa,2023,m,30,71261.0
Mombasa,2023,m,35,60493.0
Mombasa,2023,m,40,48638.0
Mombasa,2023,m,45,37302.0
Mombasa,2023,m,50,26171.0
Mombasa,2023,m,55,16995.0
Mombasa,2023,m,60,9633.0
Mombasa,2023,m,65,5084.0
Mombasa,2023,m,70,2497.0
Mombasa,2023,m,75,1306.0
Mombasa,2023,m,80,469.0
Mombasa,2023,m,85,169.0
Mombasa,2023,m,90,86.0
Murang'a,2023,f,00,11805.0
Murang'a,2023,f,01,45470.0
Murang'a,2023,f,05,55965.0
Murang'a,2023,f,10,57434.0
Murang'a,2023,f,15,54926.0
Murang'a,2023,f,20,38779.0
Murang'a,2023,f,25,33415.0
Murang'a,2023,f,30,35308.0
Murang'a,2023,f,35,40206.0
Murang'a,2023,f,40,34546.0
Murang'a,2023,f,45,32141.0
Murang'a,2023,f,50,29362.0
Murang'a,2023,f,55,24582.0
Murang'a,2023,f,60,16605.0
Murang'a,2023,f,65,13686.0
Murang'a,2023,f,70,9714.0
Murang'a,2023,f,75,7704.0
Murang'a,2023,f,80,5442.0
Murang'a,2023,f,85,2723.0
Murang'a,2023,f,90,1269.0
Murang'a,2023,m,00,12068.0
Murang'a,2023,m,01,46444.0
Murang'a,2023,m,05,56935.0
Murang'a,2023,m,10,58875.0
Murang'a,2023,m,15,58519.0
Murang'a,2023,m,20,42518.0
Murang'a,2023,m,25,33639.0
Murang'a,2023,m,30,36944.0
Murang'a,2023,m,35,39714.0
Murang'a,2023,m,40,35038.0
Murang'a,2023,m,45,31249.0
Murang'a,2023,m,50,26640.0
Murang'a,2023,m,55,22288.0
Murang'a,2023,m,60,14900.0
Murang'a,2023,m,65,11537.0
Murang'a,2023,m,70,8292.0
Murang'a,2023,m,75,4968.0
Murang'a,2023,m,80,2344.0
Murang'a,2023,m,85,1117.0
Murang'a,2023,m,90,575.0
Nairobi,2023,f,00,67297.0
Nairobi,2023,f,01,259218.0
Nairobi,2023,f,05,257596.0
Nairobi,2023,f,10,228987.0
Nairobi,2023,f,15,252256.0
Nairobi,2023,f,20,384363.0
Nairobi,2023,f,25,363369.0
Nairobi,2023,f,30,283779.0
Nairobi,2023,f,35,227902.0
Nairobi,2023,f,40,150387.0
Nairobi,2023,f,45,100552.0
Nairobi,2023,f,50,70455.0
Nairobi,2023,f,55,42275.0
Nairobi,2023,f,60,23403.0
Nairobi,2023,f,65,13046.0
Nairobi,2023,f,70,6863.0
Nairobi,2023,f,75,3964.0
Nairobi,2023,f,80,2260.0
Nairobi,2023,f,85,1139.0
Nairobi,2023,f,90,703.0
Nairobi,2023,m,00,68621.0
Nairobi,2023,m,01,264096.0
Nairobi,2023,m,05,255269.0
Nairobi,2023,m,10,216210.0
Nairobi,2023,m,15,201288.0
Nairobi,2023,m,20,324639.0
Nairobi,2023,m,25,353192.0
Nairobi,2023,m,30,309329.0
Nairobi,2023,m,35,250334.0
Nairobi,2023,m,40,180636.0
Nairobi,2023,m,45,130935.0
Nairobi,2023,m,50,93130.0
Nairobi,2023,m,55,58305.0
Nairobi,2023,m,60,29339.0
Nairobi,2023,m,65,14656.0
Nairobi,2023,m,70,7237.0
Nairobi,2023,m,75,3444.0
Nairobi,2023,m,80,1273.0
Nairobi,2023,m,85,499.0
Nairobi,2023,m,90,257.0
Nakuru,2023,f,00,32910.0
Nakuru,2023,f,01,126763.0
Nakuru,2023,f,05,147832.0
Nakuru,2023,f,10,152632.0
Nakuru,2023,f,15,143936.0
Nakuru,2023,f,20,127474.0
Nakuru,2023,f,25,107818.0
Nakuru,2023,f,30,97735.0
Nakuru,2023,f,35,84613.0
Nakuru,2023,f,40,65160.0
Nakuru,2023,f,45,54647.0
Nakuru,2023,f,50,43565.0
Nakuru,2023,f,55,31908.0
Nakuru,2023,f,60,20244.0
Nakuru,2023,f,65,13816.0
Nakuru,2023,f,70,8718.0
Nakuru,2023,f,75,6375.0
Nakuru,2023,f,80,4032.0
Nakuru,2023,f,85,1932.0
Nakuru,2023,f,90,1038.0
Nakuru,2023,m,00,33788.0
Nakuru,2023,m,01,130035.0
Nakuru,2023,m,05,151447.0
Nakuru,2023,m,10,152996.0
Nakuru,2023,m,15,143158.0
Nakuru,2023,m,20,129607.0
Nakuru,2023,m,25,103200.0
Nakuru,2023,m,30,95691.0
Nakuru,2023,m,35,85807.0
Nakuru,2023,m,40,69293.0
Nakuru,2023,m,45,56524.0
Nakuru,2023,m,50,43306.0
Nakuru,2023,m,55,31583.0
Nakuru,2023,m,60,19310.0
Nakuru,2023,m,65,12901.0
Nakuru,2023,m,70,7995.0
Nakuru,2023,m,75,4686.0
Nakuru,2023,m,80,2160.0
Nakuru,2023,m,85,997.0
Nakuru,2023,m,90,533.0
Nandi,2023,f,00,11947.0
Nandi,2023,f,01,46017.0
Nandi,2023,f,05,59889.0
Nandi,2023,f,10,65108.0
Nandi,2023,f,15,61662.0
Nandi,2023,f,20,45354.0
Nandi,2023,f,25,36917.0
Nandi,2023,f,30,35165.0
Nandi,2023,f,35,26336.0
Nandi,2023,f,40,23213.0
Nandi,2023,f,45,20388.0
Nandi,2023,f,50,15885.0
Nandi,2023,f,55,13042.0
Nandi,2023,f,60,8954.0
Nandi,2023,f,65,6397.0
Nandi,2023,f,70,3743.0
Nandi,2023,f,75,2864.0
Nandi,2023,f,80,1919.0
Nandi,2023,f,85,930.0
Nandi,2023,f,90,502.0
Nandi,2023,m,00,12151.0
Nandi,2023,m,01,46765.0
Nandi,2023,m,05,60882.0
Nandi,2023,m,10,65607.0
Nandi,2023,m,15,61783.0
Nandi,2023,m,20,45938.0
Nandi,2023,m,25,34683.0
Nandi,2023,m,30,33589.0
Nandi,2023,m,35,29360.0
Nandi,2023,m,40,24519.0
Nandi,2023,m,45,20394.0
Nandi,2023,m,50,15040.0
Nandi,2023,m,55,12130.0
Nandi,2023,m,60,8587.0
Nandi,2023,m,65,5534.0
Nandi,2023,m,70,3380.0
Nandi,2023,m,75,2456.0
Nandi,2023,m,80,1232.0
Nandi,2023,m,85,534.0
Nandi,2023,m,90,266.0
Narok,2023,f,00,23663.0
Narok,2023,f,01,91144.0
Narok,2023,f,05,114701.0
Narok,2023,f,10,103898.0
Narok,2023,f,15,78598.0
Narok,2023,f,20,65698.0
Narok,2023,f,25,53151.0
Narok,2023,f,30,44181.0
Narok,2023,f,35,32147.0
Narok,2023,f,40,27373.0
Narok,2023,f,45,22840.0
Narok,2023,f,50,17011.0
Narok,2023,f,55,12976.0
Narok,2023,f,60,9390.0
Narok,2023,f,65,5398.0
Narok,2023,f,70,3750.0
Narok,2023,f,75,2265.0
Narok,2023,f,80,1437.0
Narok,2023,f,85,898.0
Narok,2023,f,90,598.0
Narok,2023,m,00,24064.0
Narok,2023,m,01,92612.0
Narok,2023,m,05,117284.0
Narok,2023,m,10,105687.0
Narok,2023,m,15,81830.0
Narok,2023,m,20,62197.0
Narok,2023,m,25,48875.0
Narok,2023,m,30,43746.0
Narok,2023,m,35,35522.0
Narok,2023,m,40,28352.0
Narok,2023,m,45,23565.0
Narok,2023,m,50,17194.0
Narok,2023,m,55,12033.0
Narok,2023,m,60,8496.0
Narok,2023,m,65,5302.0
Narok,2023,m,70,3383.0
Narok,2023,m,75,2127.0
Narok,2023,m,80,1013.0
Narok,2023,m,85,485.0
Narok,2023,m,90,277.0
Nyamira,2023,f,00,6760.0
Nyamira,2023,f,01,26038.0
Nyamira,2023,f,05,37509.0
Nyamira,2023,f,10,44357.0
Nyamira,2023,f,15,37051.0
Nyamira,2023,f,20,24705.0
Nyamira,2023,f,25,23729.0
Nyamira,2023,f,30,25098.0
Nyamira,2023,f,35,17512.0
Nyamira,2023,f,40,15721.0
Nyamira,2023,f,45,14280.0
Nyamira,2023,f,50,9464.0
Nyamira,2023,f,55,10952.0
Nyamira,2023,f,60,8236.0
Nyamira,2023,f,65,5164.0
Nyamira,2023,f,70,3243.0
Nyamira,2023,f,75,1904.0
Nyamira,2023,f,80,1248.0
Nyamira,2023,f,85,769.0
Nyamira,2023,f,90,494.0
Nyamira,2023,m,00,6796.0
Nyamira,2023,m,01,26156.0
Nyamira,2023,m,05,38014.0
Nyamira,2023,m,10,44668.0
Nyamira,2023,m,15,36274.0
Nyamira,2023,m,20,21592.0
Nyamira,2023,m,25,18007.0
Nyamira,2023,m,30,18610.0
Nyamira,2023,m,35,16938.0
Nyamira,2023,m,40,14751.0
Nyamira,2023,m,45,12034.0
Nyamira,2023,m,50,9470.0
Nyamira,2023,m,55,10360.0
Nyamira,2023,m,60,7523.0
Nyamira,2023,m,65,4301.0
Nyamira,2023,m,70,2750.0
Nyamira,2023,m,75,1598.0
Nyamira,2023,m,80,761.0
Nyamira,2023,m,85,394.0
Nyamira,2023,m,90,248.0
Nyandarua,2023,f,00,7378.0
Nyandarua,2023,f,01,28420.0
Nyandarua,2023,f,05,36003.0
Nyandarua,2023,f,10,39462.0
Nyandarua,2023,f,15,38883.0
Nyandarua,2023,f,20,25073.0
Nyandarua,2023,f,25,20263.0
Nyandarua,2023,f,30,21543.0
Nyandarua,2023,f,35,23531.0
Nyandarua,2023,f,40,19983.0
Nyandarua,2023,f,45,18747.0
Nyandarua,2023,f,50,17075.0
Nyandarua,2023,f,55,12608.0
Nyandarua,2023,f,60,7467.0
Nyandarua,2023,f,65,5374.0
Nyandarua,2023,f,70,3933.0
Nyandarua,2023,f,75,3423.0
Nyandarua,2023,f,80,1976.0
Nyandarua,2023,f,85,783.0
Nyandarua,2023,f,90,389.0
Nyandarua,2023,m,00,7582.0
Nyandarua,2023,m,01,29182.0
Nyandarua,2023,m,05,37039.0
Nyandarua,2023,m,10,41168.0
Nyandarua,2023,m,15,40913.0
Nyandarua,2023,m,20,26812.0
Nyandarua,2023,m,25,19742.0
Nyandarua,2023,m,30,20414.0
Nyandarua,2023,m,35,21378.0
Nyandarua,2023,m,40,18381.0
Nyandarua,2023,m,45,16703.0
Nyandarua,2023,m,50,15107.0
Nyandarua,2023,m,55,11667.0
Nyandarua,2023,m,60,6912.0
Nyandarua,2023,m,65,4552.0
Nyandarua,2023,m,70,3106.0
Nyandarua,2023,m,75,2064.0
Nyandarua,2023,m,80,1018.0
Nyandarua,2023,m,85,490.0
Nyandarua,2023,m,90,283.0
Nyeri,2023,f,00,7653.0
Nyeri,2023,f,01,29479.0
Nyeri,2023,f,05,36116.0
Nyeri,2023,f,10,36740.0
Nyeri,2023,f,15,37980.0
Nyeri,2023,f,20,30201.0
Nyeri,2023,f,25,25247.0
Nyeri,2023,f,30,27064.0
Nyeri,2023,f,35,30949.0
Nyeri,2023,f,40,26389.0
Nyeri,2023,f,45,24261.0
Nyeri,2023,f,50,24220.0
Nyeri,2023,f,55,18012.0
Nyeri,2023,f,60,11440.0
Nyeri,2023,f,65,8536.0
Nyeri,2023,f,70,6594.0
Nyeri,2023,f,75,5219.0
Nyeri,2023,f,80,3396.0
Nyeri,2023,f,85,1690.0
Nyeri,2023,f,90,902.0
Nyeri,2023,m,00,7906.0
Nyeri,2023,m,01,30426.0
Nyeri,2023,m,05,36674.0
Nyeri,2023,m,10,37725.0
Nyeri,2023,m,15,39311.0
Nyeri,2023,m,20,32513.0
Nyeri,2023,m,25,25189.0
Nyeri,2023,m,30,27172.0
Nyeri,2023,m,35,29383.0
Nyeri,2023,m,40,25678.0
Nyeri,2023,m,45,23369.0
Nyeri,2023,m,50,21808.0
Nyeri,2023,m,55,17124.0
Nyeri,2023,m,60,10263.0
Nyeri,2023,m,65,7321.0
Nyeri,2023,m,70,5536.0
Nyeri,2023,m,75,3342.0
Nyeri,2023,m,80,1565.0
Nyeri,2023,m,85,779.0
Nyeri,2023,m,90,448.0
Samburu,2023,f,00,6270.0
Samburu,2023,f,01,24151.0
Samburu,2023,f,05,29896.0
Samburu,2023,f,10,26676.0
Samburu,2023,f,15,20729.0
Samburu,2023,f,20,17874.0
Samburu,2023,f,25,13439.0
Samburu,2023,f,30,10449.0
Samburu,2023,f,35,7437.0
Samburu,2023,f,40,6022.0
Samburu,2023,f,45,5571.0
Samburu,2023,f,50,4061.0
Samburu,2023,f,55,2758.0
Samburu,2023,f,60,2892.0
Samburu,2023,f,65,1677.0
Samburu,2023,f,70,1310.0
Samburu,2023,f,75,727.0
Samburu,2023,f,80,429.0
Samburu,2023,f,85,294.0
Samburu,2023,f,90,223.0
Samburu,2023,m,00,6371.0
Samburu,2023,m,01,24520.0
Samburu,2023,m,05,30644.0
Samburu,2023,m,10,28359.0
Samburu,2023,m,15,24402.0
Samburu,2023,m,20,18285.0
Samburu,2023,m,25,13417.0
Samburu,2023,m,30,10133.0
Samburu,2023,m,35,7164.0
Samburu,2023,m,40,6721.0
Samburu,2023,m,45,5233.0
Samburu,2023,m,50,3682.0
Samburu,2023,m,55,2728.0
Samburu,2023,m,60,2528.0
Samburu,2023,m,65,1276.0
Samburu,2023,m,70,1111.0
Samburu,2023,m,75,687.0
Samburu,2023,m,80,309.0
Samburu,2023,m,85,171.0
Samburu,2023,m,90,116.0
Siaya,2023,f,00,14101.0
Siaya,2023,f,01,54315.0
Siaya,2023,f,05,73639.0
Siaya,2023,f,10,80382.0
Siaya,2023,f,15,68617.0
Siaya,2023,f,20,48405.0
Siaya,2023,f,25,39784.0
Siaya,2023,f,30,37509.0
Siaya,2023,f,35,29840.0
Siaya,2023,f,40,24986.0
Siaya,2023,f,45,20176.0
Siaya,2023,f,50,20664.0
Siaya,2023,f,55,18442.0
Siaya,2023,f,60,15986.0
Siaya,2023,f,65,12150.0
Siaya,2023,f,70,7851.0
Siaya,2023,f,75,5440.0
Siaya,2023,f,80,3409.0
Siaya,2023,f,85,1684.0
Siaya,2023,f,90,870.0
Siaya,2023,m,00,14204.0
Siaya,2023,m,01,54667.0
Siaya,2023,m,05,73375.0
Siaya,2023,m,10,80289.0
Siaya,2023,m,15,67738.0
Siaya,2023,m,20,43648.0
Siaya,2023,m,25,32723.0
Siaya,2023,m,30,32680.0
Siaya,2023,m,35,29828.0
Siaya,2023,m,40,23552.0
Siaya,2023,m,45,17013.0
Siaya,2023,m,50,14603.0
Siaya,2023,m,55,12383.0
Siaya,2023,m,60,10205.0
Siaya,2023,m,65,7616.0
Siaya,2023,m,70,5138.0
Siaya,2023,m,75,3126.0
Siaya,2023,m,80,1533.0
Siaya,2023,m,85,776.0
Siaya,2023,m,90,448.0
TaitaTaveta,2023,f,00,4477.0
TaitaTaveta,2023,f,01,17243.0
TaitaTaveta,2023,f,05,19847.0
TaitaTaveta,2023,f,10,21006.0
TaitaTaveta,2023,f,15,19853.0
TaitaTaveta,2023,f,20,16112.0
TaitaTaveta,2023,f,25,13865.0
TaitaTaveta,2023,f,30,12522.0
TaitaTaveta,2023,f,35,12519.0
TaitaTaveta,2023,f,40,10261.0
TaitaTaveta,2023,f,45,9281.0
TaitaTaveta,2023,f,50,7795.0
TaitaTaveta,2023,f,55,6694.0
TaitaTaveta,2023,f,60,5056.0
TaitaTaveta,2023,f,65,3549.0
TaitaTaveta,2023,f,70,2221.0
TaitaTaveta,2023,f,75,1453.0
TaitaTaveta,2023,f,80,984.0
TaitaTaveta,2023,f,85,585.0
TaitaTaveta,2023,f,90,391.0
TaitaTaveta,2023,m,00,4524.0
TaitaTaveta,2023,m,01,17412.0
TaitaTaveta,2023,m,05,20029.0
TaitaTaveta,2023,m,10,21210.0
TaitaTaveta,2023,m,15,20293.0
TaitaTaveta,2023,m,20,17492.0
TaitaTaveta,2023,m,25,15040.0
TaitaTaveta,2023,m,30,14469.0
TaitaTaveta,2023,m,35,14278.0
TaitaTaveta,2023,m,40,11830.0
TaitaTaveta,2023,m,45,10174.0
TaitaTaveta,2023,m,50,8573.0
TaitaTaveta,2023,m,55,6507.0
TaitaTaveta,2023,m,60,4794.0
TaitaTaveta,2023,m,65,3239.0
TaitaTaveta,2023,m,70,1847.0
TaitaTaveta,2023,m,75,1155.0
TaitaTaveta,2023,m,80,540.0
TaitaTaveta,2023,m,85,239.0
TaitaTaveta,2023,m,90,129.0
TanaRiver,2023,f,00,11502.0
TanaRiver,2023,f,01,44305.0
TanaRiver,2023,f,05,53658.0
TanaRiver,2023,f,10,47938.0
TanaRiver,2023,f,15,37718.0
TanaRiver,2023,f,20,31511.0
TanaRiver,2023,f,25,25678.0
TanaRiver,2023,f,30,19433.0
TanaRiver,2023,f,35,16729.0
TanaRiver,2023,f,40,12832.0
TanaRiver,2023,f,45,10340.0
TanaRiver,2023,f,50,8597.0
TanaRiver,2023,f,55,6026.0
TanaRiver,2023,f,60,5556.0
TanaRiver,2023,f,65,3106.0
TanaRiver,2023,f,70,2201.0
TanaRiver,2023,f,75,1050.0
TanaRiver,2023,f,80,606.0
TanaRiver,2023,f,85,509.0
TanaRiver,2023,f,90,474.0
TanaRiver,2023,m,00,12297.0
TanaRiver,2023,m,01,47327.0
TanaRiver,2023,m,05,58027.0
TanaRiver,2023,m,10,51800.0
TanaRiver,2023,m,15,40302.0
TanaRiver,2023,m,20,32268.0
TanaRiver,2023,m,25,23686.0
TanaRiver,2023,m,30,18989.0
TanaRiver,2023,m,35,16795.0
TanaRiver,2023,m,40,14178.0
TanaRiver,2023,m,45,10890.0
TanaRiver,2023,m,50,9392.0
TanaRiver,2023,m,55,6804.0
TanaRiver,2023,m,60,5812.0
TanaRiver,2023,m,65,2911.0
TanaRiver,2023,m,70,2053.0
TanaRiver,2023,m,75,1174.0
TanaRiver,2023,m,80,550.0
TanaRiver,2023,m,85,346.0
TanaRiver,2023,m,90,250.0
Tharaka-Nithi,2023,f,00,3719.0
Tharaka-Nithi,2023,f,01,14325.0
Tharaka-Nithi,2023,f,05,18283.0
Tharaka-Nithi,2023,f,10,20351.0
Tharaka-Nithi,2023,f,15,19802.0
Tharaka-Nithi,2023,f,20,14290.0
Tharaka-Nithi,2023,f,25,11779.0
Tharaka-Nithi,2023,f,30,11955.0
Tharaka-Nithi,2023,f,35,12049.0
Tharaka-Nithi,2023,f,40,9793.0
Tharaka-Nithi,2023,f,45,9576.0
Tharaka-Nithi,2023,f,50,7011.0
Tharaka-Nithi,2023,f,55,6501.0
Tharaka-Nithi,2023,f,60,4861.0
Tharaka-Nithi,2023,f,65,3759.0
Tharaka-Nithi,2023,f,70,2640.0
Tharaka-Nithi,2023,f,75,1633.0
Tharaka-Nithi,2023,f,80,1168.0
Tharaka-Nithi,2023,f,85,778.0
Tharaka-Nithi,2023,f,90,509.0
Tharaka-Nithi,2023,m,00,3732.0
Tharaka-Nithi,2023,m,01,14364.0
Tharaka-Nithi,2023,m,05,18491.0
Tharaka-Nithi,2023,m,10,20415.0
Tharaka-Nithi,2023,m,15,19479.0
Tharaka-Nithi,2023,m,20,14392.0
Tharaka-Nithi,2023,m,25,11571.0
Tharaka-Nithi,2023,m,30,11719.0
Tharaka-Nithi,2023,m,35,11719.0
Tharaka-Nithi,2023,m,40,9940.0
Tharaka-Nithi,2023,m,45,9028.0
Tharaka-Nithi,2023,m,50,7054.0
Tharaka-Nithi,2023,m,55,6278.0
Tharaka-Nithi,2023,m,60,4671.0
Tharaka-Nithi,2023,m,65,3147.0
Tharaka-Nithi,2023,m,70,2046.0
Tharaka-Nithi,2023,m,75,1281.0
Tharaka-Nithi,2023,m,80,660.0
Tharaka-Nithi,2023,m,85,349.0
Tharaka-Nithi,2023,m,90,213.0
TransNzoia,2023,f,00,14680.0
TransNzoia,2023,f,01,56544.0
TransNzoia,2023,f,05,74606.0
TransNzoia,2023,f,10,77936.0
TransNzoia,2023,f,15,70457.0
TransNzoia,2023,f,20,48767.0
TransNzoia,2023,f,25,38798.0
TransNzoia,2023,f,30,35099.0
TransNzoia,2023,f,35,28747.0
TransNzoia,2023,f,40,25954.0
TransNzoia,2023,f,45,20319.0
TransNzoia,2023,f,50,17585.0
TransNzoia,2023,f,55,14414.0
TransNzoia,2023,f,60,10018.0
TransNzoia,2023,f,65,6382.0
TransNzoia,2023,f,70,3786.0
TransNzoia,2023,f,75,2678.0
TransNzoia,2023,f,80,1674.0
TransNzoia,2023,f,85,811.0
TransNzoia,2023,f,90,442.0
TransNzoia,2023,m,00,15022.0
TransNzoia,2023,m,01,57813.0
TransNzoia,2023,m,05,75085.0
TransNzoia,2023,m,10,78061.0
TransNzoia,2023,m,15,71140.0
TransNzoia,2023,m,20,48002.0
TransNzoia,2023,m,25,35422.0
TransNzoia,2023,m,30,33161.0
TransNzoia,2023,m,35,29452.0
TransNzoia,2023,m,40,25087.0
TransNzoia,2023,m,45,19601.0
TransNzoia,2023,m,50,15780.0
TransNzoia,2023,m,55,12816.0
TransNzoia,2023,m,60,9314.0
TransNzoia,2023,m,65,5665.0
TransNzoia,2023,m,70,3377.0
TransNzoia,2023,m,75,2082.0
TransNzoia,2023,m,80,997.0
TransNzoia,2023,m,85,473.0
TransNzoia,2023,m,90,260.0
Turkana,2023,f,00,15072.0
Turkana,2023,f,01,58056.0
Turkana,2023,f,05,75272.0
Turkana,2023,f,10,71351.0
Turkana,2023,f,15,61531.0
Turkana,2023,f,20,48537.0
Turkana,2023,f,25,40127.0
Turkana,2023,f,30,30527.0
Turkana,2023,f,35,25781.0
Turkana,2023,f,40,19464.0
Turkana,2023,f,45,14408.0
Turkana,2023,f,50,11255.0
Turkana,2023,f,55,7703.0
Turkana,2023,f,60,7011.0
Turkana,2023,f,65,4599.0
Turkana,2023,f,70,3316.0
Turkana,2023,f,75,1835.0
Turkana,2023,f,80,906.0
Turkana,2023,f,85,463.0
Turkana,2023,f,90,319.0
Turkana,2023,m,00,15378.0
Turkana,2023,m,01,59185.0
Turkana,2023,m,05,78585.0
Turkana,2023,m,10,78837.0
Turkana,2023,m,15,76101.0
Turkana,2023,m,20,60674.0
Turkana,2023,m,25,43966.0
Turkana,2023,m,30,31243.0
Turkana,2023,m,35,24048.0
Turkana,2023,m,40,19607.0
Turkana,2023,m,45,14021.0
Turkana,2023,m,50,11308.0
Turkana,2023,m,55,6866.0
Turkana,2023,m,60,5798.0
Turkana,2023,m,65,3377.0
Turkana,2023,m,70,2494.0
Turkana,2023,m,75,1453.0
Turkana,2023,m,80,563.0
Turkana,2023,m,85,252.0
Turkana,2023,m,90,166.0
UasinGishu,2023,f,00,16786.0
UasinGishu,2023,f,01,64659.0
UasinGishu,2023,f,05,76993.0
UasinGishu,2023,f,10,81593.0
UasinGishu,2023,f,15,81266.0
UasinGishu,2023,f,20,76102.0
UasinGishu,2023,f,25,60751.0
UasinGishu,2023,f,30,51681.0
UasinGishu,2023,f,35,42590.0
UasinGishu,2023,f,40,33550.0
UasinGishu,2023,f,45,27516.0
UasinGishu,2023,f,50,19939.0
UasinGishu,2023,f,55,15579.0
UasinGishu,2023,f,60,10038.0
UasinGishu,2023,f,65,6681.0
UasinGishu,2023,f,70,3798.0
UasinGishu,2023,f,75,3002.0
UasinGishu,2023,f,80,1961.0
UasinGishu,2023,f,85,897.0
UasinGishu,2023,f,90,466.0
UasinGishu,2023,m,00,17017.0
UasinGishu,2023,m,01,65493.0
UasinGishu,2023,m,05,78564.0
UasinGishu,2023,m,10,80362.0
UasinGishu,2023,m,15,78052.0
UasinGishu,2023,m,20,75709.0
UasinGishu,2023,m,25,60944.0
UasinGishu,2023,m,30,52448.0
UasinGishu,2023,m,35,45447.0
UasinGishu,2023,m,40,35980.0
UasinGishu,2023,m,45,28914.0
UasinGishu,2023,m,50,20807.0
UasinGishu,2023,m,55,15350.0
UasinGishu,2023,m,60,9742.0
UasinGishu,2023,m,65,6014.0
UasinGishu,2023,m,70,3516.0
UasinGishu,2023,m,75,2355.0
UasinGishu,2023,m,80,1143.0
UasinGishu,2023,m,85,500.0
UasinGishu,2023,m,90,254.0
Vihiga,2023,f,00,6805.0
Vihiga,2023,f,01,26212.0
Vihiga,2023,f,05,37620.0
Vihiga,2023,f,10,42432.0
Vihiga,2023,f,15,38558.0
Vihiga,2023,f,20,22484.0
Vihiga,2023,f,25,17509.0
Vihiga,2023,f,30,17377.0
Vihiga,2023,f,35,16339.0
Vihiga,2023,f,40,14691.0
Vihiga,2023,f,45,12637.0
Vihiga,2023,f,50,12858.0
Vihiga,2023,f,55,11551.0
Vihiga,2023,f,60,9858.0
Vihiga,2023,f,65,7257.0
Vihiga,2023,f,70,4458.0
Vihiga,2023,f,75,3461.0
Vihiga,2023,f,80,2276.0
Vihiga,2023,f,85,1083.0
Vihiga,2023,f,90,553.0
Vihiga,2023,m,00,6747.0
Vihiga,2023,m,01,25968.0
Vihiga,2023,m,05,37272.0
Vihiga,2023,m,10,41690.0
Vihiga,2023,m,15,38196.0
Vihiga,2023,m,20,22565.0
Vihiga,2023,m,25,14992.0
Vihiga,2023,m,30,15080.0
Vihiga,2023,m,35,14872.0
Vihiga,2023,m,40,13077.0
Vihiga,2023,m,45,11247.0
Vihiga,2023,m,50,10176.0
Vihiga,2023,m,55,9012.0
Vihiga,2023,m,60,7898.0
Vihiga,2023,m,65,5856.0
Vihiga,2023,m,70,3898.0
Vihiga,2023,m,75,2473.0
Vihiga,2023,m,80,1195.0
Vihiga,2023,m,85,569.0
Vihiga,2023,m,90,309.0
Wajir,2023,f,00,14144.0
Wajir,2023,f,01,54482.0
Wajir,2023,f,05,71076.0
Wajir,2023,f,10,63019.0
Wajir,2023,f,15,49339.0
Wajir,2023,f,20,35503.0
Wajir,2023,f,25,31370.0
Wajir,2023,f,30,24775.0
Wajir,2023,f,35,20770.0
Wajir,2023,f,40,15504.0
Wajir,2023,f,45,7880.0
Wajir,2023,f,50,6825.0
Wajir,2023,f,55,3787.0
Wajir,2023,f,60,3132.0
Wajir,2023,f,65,1423.0
Wajir,2023,f,70,1186.0
Wajir,2023,f,75,496.0
Wajir,2023,f,80,275.0
Wajir,2023,f,85,269.0
Wajir,2023,f,90,342.0
Wajir,2023,m,00,14277.0
Wajir,2023,m,01,54945.0
Wajir,2023,m,05,74700.0
Wajir,2023,m,10,76894.0
Wajir,2023,m,15,64903.0
Wajir,2023,m,20,40055.0
Wajir,2023,m,25,30738.0
Wajir,2023,m,30,26553.0
Wajir,2023,m,35,20167.0
Wajir,2023,m,40,19685.0
Wajir,2023,m,45,11143.0
Wajir,2023,m,50,11542.0
Wajir,2023,m,55,5824.0
Wajir,2023,m,60,5612.0
Wajir,2023,m,65,2249.0
Wajir,2023,m,70,1757.0
Wajir,2023,m,75,953.0
Wajir,2023,m,80,395.0
Wajir,2023,m,85,241.0
Wajir,2023,m,90,211.0
WestPokot,2023,f,00,13857.0
WestPokot,2023,f,01,53372.0
WestPokot,2023,f,05,61061.0
WestPokot,2023,f,10,54163.0
WestPokot,2023,f,15,42643.0
WestPokot,2023,f,20,34084.0
WestPokot,2023,f,25,25709.0
WestPokot,2023,f,30,20568.0
WestPokot,2023,f,35,14978.0
WestPokot,2023,f,40,12689.0
WestPokot,2023,f,45,11235.0
WestPokot,2023,f,50,8491.0
WestPokot,2023,f,55,5836.0
WestPokot,2023,f,60,5408.0
WestPokot,2023,f,65,4098.0
WestPokot,2023,f,70,2606.0
WestPokot,2023,f,75,1439.0
WestPokot,2023,f,80,805.0
WestPokot,2023,f,85,453.0
WestPokot,2023,f,90,326.0
WestPokot,2023,m,00,14051.0
WestPokot,2023,m,01,54075.0
WestPokot,2023,m,05,61244.0
WestPokot,2023,m,10,54203.0
WestPokot,2023,m,15,43212.0
WestPokot,2023,m,20,32618.0
WestPokot,2023,m,25,24843.0
WestPokot,2023,m,30,20730.0
WestPokot,2023,m,35,15164.0
WestPokot,2023,m,40,12620.0
WestPokot,2023,m,45,11159.0
WestPokot,2023,m,50,8123.0
WestPokot,2023,m,55,5632.0
WestPokot,2023,m,60,4419.0
WestPokot,2023,m,65,3105.0
WestPokot,2023,m,70,2069.0
WestPokot,2023,m,75,1139.0
WestPokot,2023,m,80,457.0
WestPokot,2023,m,85,200.0
WestPokot,2023,m,90,117.0
Baringo,2024,f,00,10437.0
Baringo,2024,f,01,40044.0
Baringo,2024,f,05,49746.0
Baringo,2024,f,10,50151.0
Baringo,2024,f,15,44502.0
Baringo,2024,f,20,34365.0
Baringo,2024,f,25,26117.0
Baringo,2024,f,30,20745.0
Baringo,2024,f,35,17276.0
Baringo,2024,f,40,14231.0
Baringo,2024,f,45,12952.0
Baringo,2024,f,50,10782.0
Baringo,2024,f,55,7953.0
Baringo,2024,f,60,6261.0
Baringo,2024,f,65,4587.0
Baringo,2024,f,70,3024.0
Baringo,2024,f,75,1817.0
Baringo,2024,f,80,1151.0
Baringo,2024,f,85,724.0
Baringo,2024,f,90,529.0
Baringo,2024,m,00,10952.0
Baringo,2024,m,01,41999.0
Baringo,2024,m,05,52101.0
Baringo,2024,m,10,52718.0
Baringo,2024,m,15,47525.0
Baringo,2024,m,20,36065.0
Baringo,2024,m,25,25482.0
Baringo,2024,m,30,20900.0
Baringo,2024,m,35,17745.0
Baringo,2024,m,40,14462.0
Baringo,2024,m,45,12331.0
Baringo,2024,m,50,9693.0
Baringo,2024,m,55,7597.0
Baringo,2024,m,60,6048.0
Baringo,2024,m,65,4157.0
Baringo,2024,m,70,2704.0
Baringo,2024,m,75,1569.0
Baringo,2024,m,80,685.0
Baringo,2024,m,85,333.0
Baringo,2024,m,90,207.0
Bomet,2024,f,00,12676.0
Bomet,2024,f,01,48633.0
Bomet,2024,f,05,63237.0
Bomet,2024,f,10,68749.0
Bomet,2024,f,15,64482.0
Bomet,2024,f,20,48846.0
Bomet,2024,f,25,39211.0
Bomet,2024,f,30,35893.0
Bomet,2024,f,35,22470.0
Bomet,2024,f,40,21602.0
Bomet,2024,f,45,20076.0
Bomet,2024,f,50,12945.0
Bomet,2024,f,55,11935.0
Bomet,2024,f,60,8431.0
Bomet,2024,f,65,5812.0
Bomet,2024,f,70,3667.0
Bomet,2024,f,75,2636.0
Bomet,2024,f,80,1870.0
Bomet,2024,f,85,1070.0
Bomet,2024,f,90,587.0
Bomet,2024,m,00,13118.0
Bomet,2024,m,01,50306.0
Bomet,2024,m,05,65755.0
Bomet,2024,m,10,68585.0
Bomet,2024,m,15,65085.0
Bomet,2024,m,20,46895.0
Bomet,2024,m,25,35772.0
Bomet,2024,m,30,32491.0
Bomet,2024,m,35,27750.0
Bomet,2024,m,40,22620.0
Bomet,2024,m,45,19735.0
Bomet,2024,m,50,12600.0
Bomet,2024,m,55,10543.0
Bomet,2024,m,60,7868.0
Bomet,2024,m,65,5055.0
Bomet,2024,m,70,3153.0
Bomet,2024,m,75,1931.0
Bomet,2024,m,80,918.0
Bomet,2024,m,85,461.0
Bomet,2024,m,90,271.0
Bungoma,2024,f,00,29322.0
Bungoma,2024,f,01,112496.0
Bungoma,2024,f,05,153073.0
Bungoma,2024,f,10,162958.0
Bungoma,2024,f,15,147477.0
Bungoma,2024,f,20,97271.0
Bungoma,2024,f,25,75527.0
Bungoma,2024,f,30,69076.0
Bungoma,2024,f,35,54431.0
Bungoma,2024,f,40,50685.0
Bungoma,2024,f,45,40700.0
Bungoma,2024,f,50,36495.0
Bungoma,2024,f,55,31484.0
Bungoma,2024,f,60,22819.0
Bungoma,2024,f,65,14862.0
Bungoma,2024,f,70,8485.0
Bungoma,2024,f,75,6173.0
Bungoma,2024,f,80,3747.0
Bungoma,2024,f,85,1738.0
Bungoma,2024,f,90,920.0
Bungoma,2024,m,00,29284.0
Bungoma,2024,m,01,112301.0
Bungoma,2024,m,05,153812.0
Bungoma,2024,m,10,160499.0
Bungoma,2024,m,15,147435.0
Bungoma,2024,m,20,93472.0
Bungoma,2024,m,25,65666.0
Bungoma,2024,m,30,60308.0
Bungoma,2024,m,35,53001.0
Bungoma,2024,m,40,45429.0
Bungoma,2024,m,45,37877.0
Bungoma,2024,m,50,30136.0
Bungoma,2024,m,55,26740.0
Bungoma,2024,m,60,19556.0
Bungoma,2024,m,65,11642.0
Bungoma,2024,m,70,6423.0
Bungoma,2024,m,75,4538.0
Bungoma,2024,m,80,2164.0
Bungoma,2024,m,85,949.0
Bungoma,2024,m,90,523.0
Busia,2024,f,00,13130.0
Busia,2024,f,01,50374.0
Busia,2024,f,05,67446.0
Busia,2024,f,10,73340.0
Busia,2024,f,15,69328.0
Busia,2024,f,20,46587.0
Busia,2024,f,25,36321.0
Busia,2024,f,30,32395.0
Busia,2024,f,35,25605.0
Busia,2024,f,40,22815.0
Busia,2024,f,45,17999.0
Busia,2024,f,50,18291.0
Busia,2024,f,55,15458.0
Busia,2024,f,60,11629.0
Busia,2024,f,65,7829.0
Busia,2024,f,70,4844.0
Busia,2024,f,75,3301.0
Busia,2024,f,80,2011.0
Busia,2024,f,85,1028.0
Busia,2024,f,90,588.0
Busia,2024,m,00,13060.0
Busia,2024,m,01,50081.0
Busia,2024,m,05,65880.0
Busia,2024,m,10,71303.0
Busia,2024,m,15,67320.0
Busia,2024,m,20,43374.0
Busia,2024,m,25,29625.0
Busia,2024,m,30,27078.0
Busia,2024,m,35,24749.0
Busia,2024,m,40,20614.0
Busia,2024,m,45,15730.0
Busia,2024,m,50,13806.0
Busia,2024,m,55,11887.0
Busia,2024,m,60,8801.0
Busia,2024,m,65,5537.0
Busia,2024,m,70,3447.0
Busia,2024,m,75,2378.0
Busia,2024,m,80,1122.0
Busia,2024,m,85,512.0
Busia,2024,m,90,285.0
Elgeyo-Marakwet,2024,f,00,6264.0
Elgeyo-Marakwet,2024,f,01,24032.0
Elgeyo-Marakwet,2024,f,05,29938.0
Elgeyo-Marakwet,2024,f,10,30578.0
Elgeyo-Marakwet,2024,f,15,28730.0
Elgeyo-Marakwet,2024,f,20,21800.0
Elgeyo-Marakwet,2024,f,25,16660.0
Elgeyo-Marakwet,2024,f,30,14033.0
Elgeyo-Marakwet,2024,f,35,11353.0
Elgeyo-Marakwet,2024,f,40,9713.0
Elgeyo-Marakwet,2024,f,45,8939.0
Elgeyo-Marakwet,2024,f,50,6488.0
Elgeyo-Marakwet,2024,f,55,5738.0
Elgeyo-Marakwet,2024,f,60,4290.0
Elgeyo-Marakwet,2024,f,65,3104.0
Elgeyo-Marakwet,2024,f,70,2098.0
Elgeyo-Marakwet,2024,f,75,1442.0
Elgeyo-Marakwet,2024,f,80,895.0
Elgeyo-Marakwet,2024,f,85,474.0
Elgeyo-Marakwet,2024,f,90,285.0
Elgeyo-Marakwet,2024,m,00,6349.0
Elgeyo-Marakwet,2024,m,01,24348.0
Elgeyo-Marakwet,2024,m,05,30829.0
Elgeyo-Marakwet,2024,m,10,30400.0
Elgeyo-Marakwet,2024,m,15,28967.0
Elgeyo-Marakwet,2024,m,20,23314.0
Elgeyo-Marakwet,2024,m,25,16819.0
Elgeyo-Marakwet,2024,m,30,13937.0
Elgeyo-Marakwet,2024,m,35,12175.0
Elgeyo-Marakwet,2024,m,40,10060.0
Elgeyo-Marakwet,2024,m,45,8906.0
Elgeyo-Marakwet,2024,m,50,5992.0
Elgeyo-Marakwet,2024,m,55,5447.0
Elgeyo-Marakwet,2024,m,60,4035.0
Elgeyo-Marakwet,2024,m,65,2916.0
Elgeyo-Marakwet,2024,m,70,1698.0
Elgeyo-Marakwet,2024,m,75,1155.0
Elgeyo-Marakwet,2024,m,80,521.0
Elgeyo-Marakwet,2024,m,85,217.0
Elgeyo-Marakwet,2024,m,90,119.0
Embu,2024,f,00,7092.0
Embu,2024,f,01,27208.0
Embu,2024,f,05,32180.0
Embu,2024,f,10,35704.0
Embu,2024,f,15,37199.0
Embu,2024,f,20,29913.0
Embu,2024,f,25,24531.0
Embu,2024,f,30,24875.0
Embu,2024,f,35,26560.0
Embu,2024,f,40,21781.0
Embu,2024,f,45,19044.0
Embu,2024,f,50,17392.0
Embu,2024,f,55,14300.0
Embu,2024,f,60,9295.0
Embu,2024,f,65,7278.0
Embu,2024,f,70,4702.0
Embu,2024,f,75,2970.0
Embu,2024,f,80,2275.0
Embu,2024,f,85,1580.0
Embu,2024,f,90,973.0
Embu,2024,m,00,7311.0
Embu,2024,m,01,28038.0
Embu,2024,m,05,32616.0
Embu,2024,m,10,36140.0
Embu,2024,m,15,38069.0
Embu,2024,m,20,32621.0
Embu,2024,m,25,26888.0
Embu,2024,m,30,26191.0
Embu,2024,m,35,27388.0
Embu,2024,m,40,22784.0
Embu,2024,m,45,18903.0
Embu,2024,m,50,15996.0
Embu,2024,m,55,13417.0
Embu,2024,m,60,8579.0
Embu,2024,m,65,6390.0
Embu,2024,m,70,3348.0
Embu,2024,m,75,2214.0
Embu,2024,m,80,1219.0
Embu,2024,m,85,613.0
Embu,2024,m,90,324.0
Garissa,2024,f,00,15902.0
Garissa,2024,f,01,61010.0
Garissa,2024,f,05,82612.0
Garissa,2024,f,10,74243.0
Garissa,2024,f,15,64724.0
Garissa,2024,f,20,49411.0
Garissa,2024,f,25,41553.0
Garissa,2024,f,30,30146.0
Garissa,2024,f,35,29348.0
Garissa,2024,f,40,22556.0
Garissa,2024,f,45,12561.0
Garissa,2024,f,50,12208.0
Garissa,2024,f,55,4913.0
Garissa,2024,f,60,6310.0
Garissa,2024,f,65,2188.0
Garissa,2024,f,70,2706.0
Garissa,2024,f,75,1033.0
Garissa,2024,f,80,656.0
Garissa,2024,f,85,1108.0
Garissa,2024,f,90,1234.0
Garissa,2024,m,00,17649.0
Garissa,2024,m,01,67680.0
Garissa,2024,m,05,94921.0
Garissa,2024,m,10,94371.0
Garissa,2024,m,15,80646.0
Garissa,2024,m,20,58116.0
Garissa,2024,m,25,36281.0
Garissa,2024,m,30,28788.0
Garissa,2024,m,35,24428.0
Garissa,2024,m,40,25702.0
Garissa,2024,m,45,15730.0
Garissa,2024,m,50,17442.0
Garissa,2024,m,55,7905.0
Garissa,2024,m,60,9069.0
Garissa,2024,m,65,3043.0
Garissa,2024,m,70,3278.0
Garissa,2024,m,75,1471.0
Garissa,2024,m,80,748.0
Garissa,2024,m,85,855.0
Garissa,2024,m,90,701.0
HomaBay,2024,f,00,17259.0
HomaBay,2024,f,01,66217.0
HomaBay,2024,f,05,84701.0
HomaBay,2024,f,10,91027.0
HomaBay,2024,f,15,77926.0
HomaBay,2024,f,20,57406.0
HomaBay,2024,f,25,45587.0
HomaBay,2024,f,30,42956.0
HomaBay,2024,f,35,30338.0
HomaBay,2024,f,40,26400.0
HomaBay,2024,f,45,21250.0
HomaBay,2024,f,50,17563.0
HomaBay,2024,f,55,16974.0
HomaBay,2024,f,60,14065.0
HomaBay,2024,f,65,10194.0
HomaBay,2024,f,70,6500.0
HomaBay,2024,f,75,4069.0
HomaBay,2024,f,80,2393.0
HomaBay,2024,f,85,1251.0
HomaBay,2024,f,90,732.0
HomaBay,2024,m,00,17450.0
HomaBay,2024,m,01,66918.0
HomaBay,2024,m,05,84164.0
HomaBay,2024,m,10,90528.0
HomaBay,2024,m,15,76601.0
HomaBay,2024,m,20,51057.0
HomaBay,2024,m,25,36696.0
HomaBay,2024,m,30,33936.0
HomaBay,2024,m,35,31199.0
HomaBay,2024,m,40,24704.0
HomaBay,2024,m,45,16823.0
HomaBay,2024,m,50,13059.0
HomaBay,2024,m,55,11828.0
HomaBay,2024,m,60,9788.0
HomaBay,2024,m,65,6863.0
HomaBay,2024,m,70,4325.0
HomaBay,2024,m,75,2662.0
HomaBay,2024,m,80,1221.0
HomaBay,2024,m,85,598.0
HomaBay,2024,m,90,373.0
Isiolo,2024,f,00,6385.0
Isiolo,2024,f,01,24495.0
Isiolo,2024,f,05,29202.0
Isiolo,2024,f,10,26659.0
Isiolo,2024,f,15,22990.0
Isiolo,2024,f,20,18664.0
Isiolo,2024,f,25,14966.0
Isiolo,2024,f,30,12700.0
Isiolo,2024,f,35,10227.0
Isiolo,2024,f,40,7173.0
Isiolo,2024,f,45,5500.0
Isiolo,2024,f,50,4567.0
Isiolo,2024,f,55,3930.0
Isiolo,2024,f,60,3084.0
Isiolo,2024,f,65,1723.0
Isiolo,2024,f,70,1295.0
Isiolo,2024,f,75,658.0
Isiolo,2024,f,80,428.0
Isiolo,2024,f,85,356.0
Isiolo,2024,f,90,299.0
Isiolo,2024,m,00,6533.0
Isiolo,2024,m,01,25055.0
Isiolo,2024,m,05,30842.0
Isiolo,2024,m,10,29682.0
Isiolo,2024,m,15,27408.0
Isiolo,2024,m,20,20726.0
Isiolo,2024,m,25,16210.0
Isiolo,2024,m,30,14292.0
Isiolo,2024,m,35,11518.0
Isiolo,2024,m,40,9003.0
Isiolo,2024,m,45,6226.0
Isiolo,2024,m,50,5447.0
Isiolo,2024,m,55,4023.0
Isiolo,2024,m,60,3786.0
Isiolo,2024,m,65,1874.0
Isiolo,2024,m,70,1320.0
Isiolo,2024,m,75,785.0
Isiolo,2024,m,80,359.0
Isiolo,2024,m,85,211.0
Isiolo,2024,m,90,149.0
Kajiado,2024,f,00,21642.0
Kajiado,2024,f,01,83026.0
Kajiado,2024,f,05,91366.0
Kajiado,2024,f,10,82297.0
Kajiado,2024,f,15,74476.0
Kajiado,2024,f,20,89883.0
Kajiado,2024,f,25,81408.0
Kajiado,2024,f,30,64764.0
Kajiado,2024,f,35,52680.0
Kajiado,2024,f,40,37585.0
Kajiado,2024,f,45,28277.0
Kajiado,2024,f,50,21719.0
Kajiado,2024,f,55,13921.0
Kajiado,2024,f,60,9468.0
Kajiado,2024,f,65,5451.0
Kajiado,2024,f,70,3393.0
Kajiado,2024,f,75,2026.0
Kajiado,2024,f,80,1235.0
Kajiado,2024,f,85,742.0
Kajiado,2024,f,90,498.0
Kajiado,2024,m,00,22197.0
Kajiado,2024,m,01,85117.0
Kajiado,2024,m,05,92751.0
Kajiado,2024,m,10,79245.0
Kajiado,2024,m,15,69098.0
Kajiado,2024,m,20,80557.0
Kajiado,2024,m,25,79122.0
Kajiado,2024,m,30,68340.0
Kajiado,2024,m,35,58068.0
Kajiado,2024,m,40,41702.0
Kajiado,2024,m,45,32824.0
Kajiado,2024,m,50,24661.0
Kajiado,2024,m,55,15385.0
Kajiado,2024,m,60,9442.0
Kajiado,2024,m,65,5260.0
Kajiado,2024,m,70,3083.0
Kajiado,2024,m,75,1852.0
Kajiado,2024,m,80,796.0
Kajiado,2024,m,85,360.0
Kajiado,2024,m,90,204.0
Kakamega,2024,f,00,21356.0
Kakamega,2024,f,01,81935.0
Kakamega,2024,f,05,115221.0
Kakamega,2024,f,10,125506.0
Kakamega,2024,f,15,114535.0
Kakamega,2024,f,20,73526.0
Kakamega,2024,f,25,58443.0
Kakamega,2024,f,30,56643.0
Kakamega,2024,f,35,44847.0
Kakamega,2024,f,40,41363.0
Kakamega,2024,f,45,33266.0
Kakamega,2024,f,50,32095.0
Kakamega,2024,f,55,26909.0
Kakamega,2024,f,60,21354.0
Kakamega,2024,f,65,14479.0
Kakamega,2024,f,70,8346.0
Kakamega,2024,f,75,6313.0
Kakamega,2024,f,80,3594.0
Kakamega,2024,f,85,1497.0
Kakamega,2024,f,90,727.0
Kakamega,2024,m,00,21249.0
Kakamega,2024,m,01,81489.0
Kakamega,2024,m,05,114786.0
Kakamega,2024,m,10,122257.0
Kakamega,2024,m,15,112037.0
Kakamega,2024,m,20,69909.0
Kakamega,2024,m,25,47732.0
Kakamega,2024,m,30,46233.0
Kakamega,2024,m,35,42840.0
Kakamega,2024,m,40,37025.0
Kakamega,2024,m,45,29638.0
Kakamega,2024,m,50,25458.0
Kakamega,2024,m,55,22042.0
Kakamega,2024,m,60,17214.0
Kakamega,2024,m,65,11217.0
Kakamega,2024,m,70,6725.0
Kakamega,2024,m,75,4463.0
Kakamega,2024,m,80,2018.0
Kakamega,2024,m,85,878.0
Kakamega,2024,m,90,466.0
Kericho,2024,f,00,12343.0
Kericho,2024,f,01,47354.0
Kericho,2024,f,05,60539.0
Kericho,2024,f,10,65330.0
Kericho,2024,f,15,61868.0
Kericho,2024,f,20,49596.0
Kericho,2024,f,25,41441.0
Kericho,2024,f,30,37579.0
Kericho,2024,f,35,25355.0
Kericho,2024,f,40,22807.0
Kericho,2024,f,45,20294.0
Kericho,2024,f,50,14016.0
Kericho,2024,f,55,12872.0
Kericho,2024,f,60,9218.0
Kericho,2024,f,65,6015.0
Kericho,2024,f,70,3535.0
Kericho,2024,f,75,2303.0
Kericho,2024,f,80,1604.0
Kericho,2024,f,85,991.0
Kericho,2024,f,90,638.0
Kericho,2024,m,00,12675.0
Kericho,2024,m,01,48607.0
Kericho,2024,m,05,61885.0
Kericho,2024,m,10,65010.0
Kericho,2024,m,15,61885.0
Kericho,2024,m,20,48842.0
Kericho,2024,m,25,39653.0
Kericho,2024,m,30,36258.0
Kericho,2024,m,35,30718.0
Kericho,2024,m,40,25273.0
Kericho,2024,m,45,21168.0
Kericho,2024,m,50,13930.0
Kericho,2024,m,55,11937.0
Kericho,2024,m,60,8530.0
Kericho,2024,m,65,5839.0
Kericho,2024,m,70,3597.0
Kericho,2024,m,75,1991.0
Kericho,2024,m,80,883.0
Kericho,2024,m,85,439.0
Kericho,2024,m,90,272.0
Kiambu,2024,f,00,35584.0
Kiambu,2024,f,01,136522.0
Kiambu,2024,f,05,140589.0
Kiambu,2024,f,10,131598.0
Kiambu,2024,f,15,145466.0
Kiambu,2024,f,20,187400.0
Kiambu,2024,f,25,164573.0
Kiambu,2024,f,30,137919.0
Kiambu,2024,f,35,129524.0
Kiambu,2024,f,40,94209.0
Kiambu,2024,f,45,73503.0
Kiambu,2024,f,50,58840.0
Kiambu,2024,f,55,39490.0
Kiambu,2024,f,60,23741.0
Kiambu,2024,f,65,16485.0
Kiambu,2024,f,70,10439.0
Kiambu,2024,f,75,7707.0
Kiambu,2024,f,80,5054.0
Kiambu,2024,f,85,2575.0
Kiambu,2024,f,90,1384.0
Kiambu,2024,m,00,36341.0
Kiambu,2024,m,01,139365.0
Kiambu,2024,m,05,141082.0
Kiambu,2024,m,10,128685.0
Kiambu,2024,m,15,129232.0
Kiambu,2024,m,20,169628.0
Kiambu,2024,m,25,160805.0
Kiambu,2024,m,30,140720.0
Kiambu,2024,m,35,126386.0
Kiambu,2024,m,40,97523.0
Kiambu,2024,m,45,77439.0
Kiambu,2024,m,50,60793.0
Kiambu,2024,m,55,41648.0
Kiambu,2024,m,60,23616.0
Kiambu,2024,m,65,14724.0
Kiambu,2024,m,70,8841.0
Kiambu,2024,m,75,5130.0
Kiambu,2024,m,80,2165.0
Kiambu,2024,m,85,954.0
Kiambu,2024,m,90,525.0
Kilifi,2024,f,00,24142.0
Kilifi,2024,f,01,92622.0
Kilifi,2024,f,05,112410.0
Kilifi,2024,f,10,113063.0
Kilifi,2024,f,15,106143.0
Kilifi,2024,f,20,85325.0
Kilifi,2024,f,25,70505.0
Kilifi,2024,f,30,59608.0
Kilifi,2024,f,35,43569.0
Kilifi,2024,f,40,43323.0
Kilifi,2024,f,45,29686.0
Kilifi,2024,f,50,25837.0
Kilifi,2024,f,55,20355.0
Kilifi,2024,f,60,21484.0
Kilifi,2024,f,65,12497.0
Kilifi,2024,f,70,7500.0
Kilifi,2024,f,75,4797.0
Kilifi,2024,f,80,2708.0
Kilifi,2024,f,85,1377.0
Kilifi,2024,f,90,749.0
Kilifi,2024,m,00,24544.0
Kilifi,2024,m,01,94125.0
Kilifi,2024,m,05,113989.0
Kilifi,2024,m,10,112234.0
Kilifi,2024,m,15,105614.0
Kilifi,2024,m,20,81563.0
Kilifi,2024,m,25,62288.0
Kilifi,2024,m,30,48879.0
Kilifi,2024,m,35,41364.0
Kilifi,2024,m,40,36918.0
Kilifi,2024,m,45,30385.0
Kilifi,2024,m,50,24373.0
Kilifi,2024,m,55,18418.0
Kilifi,2024,m,60,13802.0
Kilifi,2024,m,65,10021.0
Kilifi,2024,m,70,5320.0
Kilifi,2024,m,75,3735.0
Kilifi,2024,m,80,1542.0
Kilifi,2024,m,85,541.0
Kilifi,2024,m,90,254.0
Kirinyaga,2024,f,00,9030.0
Kirinyaga,2024,f,01,34646.0
Kirinyaga,2024,f,05,40568.0
Kirinyaga,2024,f,10,43569.0
Kirinyaga,2024,f,15,46231.0
Kirinyaga,2024,f,20,36416.0
Kirinyaga,2024,f,25,31919.0
Kirinyaga,2024,f,30,36560.0
Kirinyaga,2024,f,35,43217.0
Kirinyaga,2024,f,40,35841.0
Kirinyaga,2024,f,45,30640.0
Kirinyaga,2024,f,50,28105.0
Kirinyaga,2024,f,55,21902.0
Kirinyaga,2024,f,60,13338.0
Kirinyaga,2024,f,65,10376.0
Kirinyaga,2024,f,70,7060.0
Kirinyaga,2024,f,75,4275.0
Kirinyaga,2024,f,80,3235.0
Kirinyaga,2024,f,85,2323.0
Kirinyaga,2024,f,90,1432.0
Kirinyaga,2024,m,00,9080.0
Kirinyaga,2024,m,01,34821.0
Kirinyaga,2024,m,05,40778.0
Kirinyaga,2024,m,10,43433.0
Kirinyaga,2024,m,15,46786.0
Kirinyaga,2024,m,20,38428.0
Kirinyaga,2024,m,25,32209.0
Kirinyaga,2024,m,30,36729.0
Kirinyaga,2024,m,35,42390.0
Kirinyaga,2024,m,40,35904.0
Kirinyaga,2024,m,45,30393.0
Kirinyaga,2024,m,50,27363.0
Kirinyaga,2024,m,55,21388.0
Kirinyaga,2024,m,60,12923.0
Kirinyaga,2024,m,65,8871.0
Kirinyaga,2024,m,70,5159.0
Kirinyaga,2024,m,75,3116.0
Kirinyaga,2024,m,80,1514.0
Kirinyaga,2024,m,85,756.0
Kirinyaga,2024,m,90,441.0
Kisii,2024,f,00,15649.0
Kisii,2024,f,01,60041.0
Kisii,2024,f,05,84935.0
Kisii,2024,f,10,96219.0
Kisii,2024,f,15,84622.0
Kisii,2024,f,20,61186.0
Kisii,2024,f,25,54420.0
Kisii,2024,f,30,53752.0
Kisii,2024,f,35,37150.0
Kisii,2024,f,40,31201.0
Kisii,2024,f,45,30936.0
Kisii,2024,f,50,19075.0
Kisii,2024,f,55,23685.0
Kisii,2024,f,60,18150.0
Kisii,2024,f,65,11529.0
Kisii,2024,f,70,6552.0
Kisii,2024,f,75,3883.0
Kisii,2024,f,80,2560.0
Kisii,2024,f,85,1563.0
Kisii,2024,f,90,993.0
Kisii,2024,m,00,15772.0
Kisii,2024,m,01,60486.0
Kisii,2024,m,05,85218.0
Kisii,2024,m,10,95876.0
Kisii,2024,m,15,82090.0
Kisii,2024,m,20,53033.0
Kisii,2024,m,25,42913.0
Kisii,2024,m,30,41374.0
Kisii,2024,m,35,36230.0
Kisii,2024,m,40,30555.0
Kisii,2024,m,45,24392.0
Kisii,2024,m,50,18705.0
Kisii,2024,m,55,20685.0
Kisii,2024,m,60,15014.0
Kisii,2024,m,65,9007.0
Kisii,2024,m,70,5165.0
Kisii,2024,m,75,3174.0
Kisii,2024,m,80,1488.0
Kisii,2024,m,85,724.0
Kisii,2024,m,90,440.0
Kisumu,2024,f,00,16828.0
Kisumu,2024,f,01,64564.0
Kisumu,2024,f,05,79949.0
Kisumu,2024,f,10,89060.0
Kisumu,2024,f,15,84242.0
Kisumu,2024,f,20,71893.0
Kisumu,2024,f,25,59513.0
Kisumu,2024,f,30,51317.0
Kisumu,2024,f,35,38587.0
Kisumu,2024,f,40,29810.0
Kisumu,2024,f,45,21314.0
Kisumu,2024,f,50,20243.0
Kisumu,2024,f,55,17868.0
Kisumu,2024,f,60,14505.0
Kisumu,2024,f,65,10051.0
Kisumu,2024,f,70,5952.0
Kisumu,2024,f,75,3879.0
Kisumu,2024,f,80,2259.0
Kisumu,2024,f,85,1099.0
Kisumu,2024,f,90,601.0
Kisumu,2024,m,00,16785.0
Kisumu,2024,m,01,64369.0
Kisumu,2024,m,05,79935.0
Kisumu,2024,m,10,87088.0
Kisumu,2024,m,15,78957.0
Kisumu,2024,m,20,63938.0
Kisumu,2024,m,25,52492.0
Kisumu,2024,m,30,48304.0
Kisumu,2024,m,35,43489.0
Kisumu,2024,m,40,33312.0
Kisumu,2024,m,45,22551.0
Kisumu,2024,m,50,17495.0
Kisumu,2024,m,55,14234.0
Kisumu,2024,m,60,11054.0
Kisumu,2024,m,65,7554.0
Kisumu,2024,m,70,4581.0
Kisumu,2024,m,75,2691.0
Kisumu,2024,m,80,1155.0
Kisumu,2024,m,85,524.0
Kisumu,2024,m,90,301.0
Kitui,2024,f,00,13906.0
Kitui,2024,f,01,53353.0
Kitui,2024,f,05,72181.0
Kitui,2024,f,10,86581.0
Kitui,2024,f,15,83974.0
Kitui,2024,f,20,50029.0
Kitui,2024,f,25,38509.0
Kitui,2024,f,30,38678.0
Kitui,2024,f,35,37759.0
Kitui,2024,f,40,32548.0
Kitui,2024,f,45,30801.0
Kitui,2024,f,50,23879.0
Kitui,2024,f,55,18811.0
Kitui,2024,f,60,15110.0
Kitui,2024,f,65,12416.0
Kitui,2024,f,70,9160.0
Kitui,2024,f,75,5375.0
Kitui,2024,f,80,3646.0
Kitui,2024,f,85,2580.0
Kitui,2024,f,90,1889.0
Kitui,2024,m,00,14205.0
Kitui,2024,m,01,54475.0
Kitui,2024,m,05,73864.0
Kitui,2024,m,10,87698.0
Kitui,2024,m,15,85771.0
Kitui,2024,m,20,50662.0
Kitui,2024,m,25,34545.0
Kitui,2024,m,30,32560.0
Kitui,2024,m,35,31437.0
Kitui,2024,m,40,27656.0
Kitui,2024,m,45,25143.0
Kitui,2024,m,50,19976.0
Kitui,2024,m,55,16164.0
Kitui,2024,m,60,12567.0
Kitui,2024,m,65,9509.0
Kitui,2024,m,70,5857.0
Kitui,2024,m,75,4225.0
Kitui,2024,m,80,2295.0
Kitui,2024,m,85,1183.0
Kitui,2024,m,90,737.0
Kwale,2024,f,00,16011.0
Kwale,2024,f,01,61429.0
Kwale,2024,f,05,73070.0
Kwale,2024,f,10,69688.0
Kwale,2024,f,15,60839.0
Kwale,2024,f,20,47383.0
Kwale,2024,f,25,40742.0
Kwale,2024,f,30,34374.0
Kwale,2024,f,35,28152.0
Kwale,2024,f,40,25511.0
Kwale,2024,f,45,18368.0
Kwale,2024,f,50,12727.0
Kwale,2024,f,55,10848.0
Kwale,2024,f,60,11581.0
Kwale,2024,f,65,7398.0
Kwale,2024,f,70,4557.0
Kwale,2024,f,75,2351.0
Kwale,2024,f,80,1355.0
Kwale,2024,f,85,836.0
Kwale,2024,f,90,536.0
Kwale,2024,m,00,16303.0
Kwale,2024,m,01,62521.0
Kwale,2024,m,05,75000.0
Kwale,2024,m,10,70175.0
Kwale,2024,m,15,61132.0
Kwale,2024,m,20,42730.0
Kwale,2024,m,25,34780.0
Kwale,2024,m,30,29554.0
Kwale,2024,m,35,26068.0
Kwale,2024,m,40,23402.0
Kwale,2024,m,45,19052.0
Kwale,2024,m,50,14961.0
Kwale,2024,m,55,11271.0
Kwale,2024,m,60,9098.0
Kwale,2024,m,65,6503.0
Kwale,2024,m,70,3534.0
Kwale,2024,m,75,2329.0
Kwale,2024,m,80,1007.0
Kwale,2024,m,85,392.0
Kwale,2024,m,90,187.0
Laikipia,2024,f,00,7775.0
Laikipia,2024,f,01,29830.0
Laikipia,2024,f,05,34715.0
Laikipia,2024,f,10,34797.0
Laikipia,2024,f,15,33272.0
Laikipia,2024,f,20,26078.0
Laikipia,2024,f,25,21545.0
Laikipia,2024,f,30,20676.0
Laikipia,2024,f,35,19517.0
Laikipia,2024,f,40,16290.0
Laikipia,2024,f,45,13951.0
Laikipia,2024,f,50,12668.0
Laikipia,2024,f,55,9721.0
Laikipia,2024,f,60,6591.0
Laikipia,2024,f,65,4832.0
Laikipia,2024,f,70,3199.0
Laikipia,2024,f,75,2247.0
Laikipia,2024,f,80,1282.0
Laikipia,2024,f,85,591.0
Laikipia,2024,f,90,334.0
Laikipia,2024,m,00,8018.0
Laikipia,2024,m,01,30750.0
Laikipia,2024,m,05,35555.0
Laikipia,2024,m,10,36071.0
Laikipia,2024,m,15,34919.0
Laikipia,2024,m,20,26373.0
Laikipia,2024,m,25,21340.0
Laikipia,2024,m,30,20463.0
Laikipia,2024,m,35,20104.0
Laikipia,2024,m,40,16858.0
Laikipia,2024,m,45,13999.0
Laikipia,2024,m,50,12240.0
Laikipia,2024,m,55,9387.0
Laikipia,2024,m,60,5964.0
Laikipia,2024,m,65,4111.0
Laikipia,2024,m,70,2826.0
Laikipia,2024,m,75,1868.0
Laikipia,2024,m,80,802.0
Laikipia,2024,m,85,336.0
Laikipia,2024,m,90,176.0
Lamu,2024,f,00,2331.0
Lamu,2024,f,01,8942.0
Lamu,2024,f,05,10705.0
Lamu,2024,f,10,10397.0
Lamu,2024,f,15,9444.0
Lamu,2024,f,20,7527.0
Lamu,2024,f,25,6188.0
Lamu,2024,f,30,5608.0
Lamu,2024,f,35,4993.0
Lamu,2024,f,40,4260.0
Lamu,2024,f,45,3532.0
Lamu,2024,f,50,2787.0
Lamu,2024,f,55,2382.0
Lamu,2024,f,60,1811.0
Lamu,2024,f,65,1203.0
Lamu,2024,f,70,721.0
Lamu,2024,f,75,379.0
Lamu,2024,f,80,206.0
Lamu,2024,f,85,117.0
Lamu,2024,f,90,93.0
Lamu,2024,m,00,2463.0
Lamu,2024,m,01,9447.0
Lamu,2024,m,05,11054.0
Lamu,2024,m,10,10833.0
Lamu,2024,m,15,10118.0
Lamu,2024,m,20,9497.0
Lamu,2024,m,25,8205.0
Lamu,2024,m,30,6911.0
Lamu,2024,m,35,5917.0
Lamu,2024,m,40,5121.0
Lamu,2024,m,45,4298.0
Lamu,2024,m,50,3368.0
Lamu,2024,m,55,2618.0
Lamu,2024,m,60,1876.0
Lamu,2024,m,65,1238.0
Lamu,2024,m,70,751.0
Lamu,2024,m,75,448.0
Lamu,2024,m,80,176.0
Lamu,2024,m,85,71.0
Lamu,2024,m,90,38.0
Machakos,2024,f,00,18259.0
Machakos,2024,f,01,70052.0
Machakos,2024,f,05,82544.0
Machakos,2024,f,10,89412.0
Machakos,2024,f,15,89460.0
Machakos,2024,f,20,84235.0
Machakos,2024,f,25,73990.0
Machakos,2024,f,30,67058.0
Machakos,2024,f,35,65442.0
Machakos,2024,f,40,51890.0
Machakos,2024,f,45,40176.0
Machakos,2024,f,50,32778.0
Machakos,2024,f,55,26629.0
Machakos,2024,f,60,21150.0
Machakos,2024,f,65,15340.0
Machakos,2024,f,70,8728.0
Machakos,2024,f,75,6096.0
Machakos,2024,f,80,4524.0
Machakos,2024,f,85,2708.0
Machakos,2024,f,90,1548.0
Machakos,2024,m,00,18708.0
Machakos,2024,m,01,71742.0
Machakos,2024,m,05,85064.0
Machakos,2024,m,10,90073.0
Machakos,2024,m,15,89639.0
Machakos,2024,m,20,86996.0
Machakos,2024,m,25,76166.0
Machakos,2024,m,30,70596.0
Machakos,2024,m,35,67832.0
Machakos,2024,m,40,54487.0
Machakos,2024,m,45,43967.0
Machakos,2024,m,50,33347.0
Machakos,2024,m,55,26461.0
Machakos,2024,m,60,20371.0
Machakos,2024,m,65,12457.0
Machakos,2024,m,70,6760.0
Machakos,2024,m,75,3985.0
Machakos,2024,m,80,2120.0
Machakos,2024,m,85,1230.0
Machakos,2024,m,90,762.0
Makueni,2024,f,00,10596.0
Makueni,2024,f,01,40653.0
Makueni,2024,f,05,55306.0
Makueni,2024,f,10,67907.0
Makueni,2024,f,15,67245.0
Makueni,2024,f,20,42102.0
Makueni,2024,f,25,35126.0
Makueni,2024,f,30,34890.0
Makueni,2024,f,35,35041.0
Makueni,2024,f,40,29727.0
Makueni,2024,f,45,29028.0
Makueni,2024,f,50,21661.0
Makueni,2024,f,55,18292.0
Makueni,2024,f,60,15877.0
Makueni,2024,f,65,12658.0
Makueni,2024,f,70,7516.0
Makueni,2024,f,75,5052.0
Makueni,2024,f,80,3759.0
Makueni,2024,f,85,2327.0
Makueni,2024,f,90,1318.0
Makueni,2024,m,00,10901.0
Makueni,2024,m,01,41805.0
Makueni,2024,m,05,57171.0
Makueni,2024,m,10,68733.0
Makueni,2024,m,15,70742.0
Makueni,2024,m,20,48501.0
Makueni,2024,m,25,36353.0
Makueni,2024,m,30,34260.0
Makueni,2024,m,35,33903.0
Makueni,2024,m,40,28837.0
Makueni,2024,m,45,26010.0
Makueni,2024,m,50,20390.0
Makueni,2024,m,55,16329.0
Makueni,2024,m,60,13586.0
Makueni,2024,m,65,9644.0
Makueni,2024,m,70,5606.0
Makueni,2024,m,75,3489.0
Makueni,2024,m,80,1870.0
Makueni,2024,m,85,1063.0
Makueni,2024,m,90,681.0
Mandera,2024,f,00,20532.0
Mandera,2024,f,01,78758.0
Mandera,2024,f,05,93394.0
Mandera,2024,f,10,76428.0
Mandera,2024,f,15,60712.0
Mandera,2024,f,20,42829.0
Mandera,2024,f,25,32418.0
Mandera,2024,f,30,24444.0
Mandera,2024,f,35,20015.0
Mandera,2024,f,40,15637.0
Mandera,2024,f,45,8404.0
Mandera,2024,f,50,7308.0
Mandera,2024,f,55,4113.0
Mandera,2024,f,60,3786.0
Mandera,2024,f,65,1680.0
Mandera,2024,f,70,1500.0
Mandera,2024,f,75,574.0
Mandera,2024,f,80,320.0
Mandera,2024,f,85,361.0
Mandera,2024,f,90,443.0
Mandera,2024,m,00,17794.0
Mandera,2024,m,01,68222.0
Mandera,2024,m,05,84868.0
Mandera,2024,m,10,83698.0
Mandera,2024,m,15,70266.0
Mandera,2024,m,20,44924.0
Mandera,2024,m,25,31344.0
Mandera,2024,m,30,25293.0
Mandera,2024,m,35,17922.0
Mandera,2024,m,40,17879.0
Mandera,2024,m,45,10277.0
Mandera,2024,m,50,9755.0
Mandera,2024,m,55,5367.0
Mandera,2024,m,60,5343.0
Mandera,2024,m,65,2324.0
Mandera,2024,m,70,1788.0
Mandera,2024,m,75,1013.0
Mandera,2024,m,80,485.0
Mandera,2024,m,85,338.0
Mandera,2024,m,90,276.0
Marsabit,2024,f,00,8797.0
Marsabit,2024,f,01,33750.0
Marsabit,2024,f,05,43793.0
Marsabit,2024,f,10,39843.0
Marsabit,2024,f,15,33612.0
Marsabit,2024,f,20,26023.0
Marsabit,2024,f,25,20272.0
Marsabit,2024,f,30,15610.0
Marsabit,2024,f,35,11680.0
Marsabit,2024,f,40,9456.0
Marsabit,2024,f,45,7474.0
Marsabit,2024,f,50,7005.0
Marsabit,2024,f,55,4720.0
Marsabit,2024,f,60,4052.0
Marsabit,2024,f,65,2326.0
Marsabit,2024,f,70,2010.0
Marsabit,2024,f,75,858.0
Marsabit,2024,f,80,497.0
Marsabit,2024,f,85,480.0
Marsabit,2024,f,90,505.0
Marsabit,2024,m,00,9161.0
Marsabit,2024,m,01,35131.0
Marsabit,2024,m,05,45420.0
Marsabit,2024,m,10,44666.0
Marsabit,2024,m,15,42599.0
Marsabit,2024,m,20,31789.0
Marsabit,2024,m,25,24532.0
Marsabit,2024,m,30,18872.0
Marsabit,2024,m,35,13763.0
Marsabit,2024,m,40,12035.0
Marsabit,2024,m,45,8307.0
Marsabit,2024,m,50,7867.0
Marsabit,2024,m,55,5083.0
Marsabit,2024,m,60,4509.0
Marsabit,2024,m,65,2394.0
Marsabit,2024,m,70,2155.0
Marsabit,2024,m,75,1068.0
Marsabit,2024,m,80,498.0
Marsabit,2024,m,85,399.0
Marsabit,2024,m,90,349.0
Meru,2024,f,00,18924.0
Meru,2024,f,01,72603.0
Meru,2024,f,05,88210.0
Meru,2024,f,10,98109.0
Meru,2024,f,15,95880.0
Meru,2024,f,20,73572.0
Meru,2024,f,25,60432.0
Meru,2024,f,30,61100.0
Meru,2024,f,35,62908.0
Meru,2024,f,40,48533.0
Meru,2024,f,45,42136.0
Meru,2024,f,50,30715.0
Meru,2024,f,55,27764.0
Meru,2024,f,60,20773.0
Meru,2024,f,65,15427.0
Meru,2024,f,70,10653.0
Meru,2024,f,75,6008.0
Meru,2024,f,80,4206.0
Meru,2024,f,85,2919.0
Meru,2024,f,90,1761.0
Meru,2024,m,00,19153.0
Meru,2024,m,01,73450.0
Meru,2024,m,05,89378.0
Meru,2024,m,10,97624.0
Meru,2024,m,15,91490.0
Meru,2024,m,20,76351.0
Meru,2024,m,25,62670.0
Meru,2024,m,30,61657.0
Meru,2024,m,35,64258.0
Meru,2024,m,40,52199.0
Meru,2024,m,45,41416.0
Meru,2024,m,50,31392.0
Meru,2024,m,55,26301.0
Meru,2024,m,60,18759.0
Meru,2024,m,65,13153.0
Meru,2024,m,70,8154.0
Meru,2024,m,75,5004.0
Meru,2024,m,80,2410.0
Meru,2024,m,85,1197.0
Meru,2024,m,90,682.0
Migori,2024,f,00,19763.0
Migori,2024,f,01,75817.0
Migori,2024,f,05,95281.0
Migori,2024,f,10,99209.0
Migori,2024,f,15,84855.0
Migori,2024,f,20,66127.0
Migori,2024,f,25,51099.0
Migori,2024,f,30,43844.0
Migori,2024,f,35,30967.0
Migori,2024,f,40,26229.0
Migori,2024,f,45,21908.0
Migori,2024,f,50,17260.0
Migori,2024,f,55,15046.0
Migori,2024,f,60,11784.0
Migori,2024,f,65,8201.0
Migori,2024,f,70,4895.0
Migori,2024,f,75,3293.0
Migori,2024,f,80,1970.0
Migori,2024,f,85,993.0
Migori,2024,f,90,596.0
Migori,2024,m,00,19621.0
Migori,2024,m,01,75237.0
Migori,2024,m,05,94633.0
Migori,2024,m,10,97281.0
Migori,2024,m,15,81162.0
Migori,2024,m,20,57520.0
Migori,2024,m,25,43355.0
Migori,2024,m,30,37973.0
Migori,2024,m,35,32400.0
Migori,2024,m,40,25524.0
Migori,2024,m,45,19012.0
Migori,2024,m,50,14084.0
Migori,2024,m,55,11371.0
Migori,2024,m,60,8748.0
Migori,2024,m,65,5671.0
Migori,2024,m,70,3426.0
Migori,2024,m,75,2227.0
Migori,2024,m,80,1042.0
Migori,2024,m,85,495.0
Migori,2024,m,90,300.0
Mombasa,2024,f,00,17681.0
Mombasa,2024,f,01,67837.0
Mombasa,2024,f,05,71761.0
Mombasa,2024,f,10,63636.0
Mombasa,2024,f,15,66408.0
Mombasa,2024,f,20,89688.0
Mombasa,2024,f,25,84588.0
Mombasa,2024,f,30,66866.0
Mombasa,2024,f,35,56132.0
Mombasa,2024,f,40,40388.0
Mombasa,2024,f,45,27966.0
Mombasa,2024,f,50,19150.0
Mombasa,2024,f,55,13038.0
Mombasa,2024,f,60,8757.0
Mombasa,2024,f,65,5218.0
Mombasa,2024,f,70,2768.0
Mombasa,2024,f,75,1503.0
Mombasa,2024,f,80,800.0
Mombasa,2024,f,85,408.0
Mombasa,2024,f,90,270.0
Mombasa,2024,m,00,18143.0
Mombasa,2024,m,01,69576.0
Mombasa,2024,m,05,70891.0
Mombasa,2024,m,10,61610.0
Mombasa,2024,m,15,57482.0
Mombasa,2024,m,20,81072.0
Mombasa,2024,m,25,84282.0
Mombasa,2024,m,30,71820.0
Mombasa,2024,m,35,62108.0
Mombasa,2024,m,40,50307.0
Mombasa,2024,m,45,38556.0
Mombasa,2024,m,50,27010.0
Mombasa,2024,m,55,17634.0
Mombasa,2024,m,60,10111.0
Mombasa,2024,m,65,5381.0
Mombasa,2024,m,70,2537.0
Mombasa,2024,m,75,1402.0
Mombasa,2024,m,80,482.0
Mombasa,2024,m,85,164.0
Mombasa,2024,m,90,81.0
Murang'a,2024,f,00,11907.0
Murang'a,2024,f,01,45682.0
Murang'a,2024,f,05,55904.0
Murang'a,2024,f,10,57133.0
Murang'a,2024,f,15,56172.0
Murang'a,2024,f,20,39802.0
Murang'a,2024,f,25,34305.0
Murang'a,2024,f,30,35895.0
Murang'a,2024,f,35,41579.0
Murang'a,2024,f,40,35738.0
Murang'a,2024,f,45,33153.0
Murang'a,2024,f,50,30236.0
Murang'a,2024,f,55,25435.0
Murang'a,2024,f,60,17349.0
Murang'a,2024,f,65,14448.0
Murang'a,2024,f,70,10109.0
Murang'a,2024,f,75,7924.0
Murang'a,2024,f,80,5435.0
Murang'a,2024,f,85,2699.0
Murang'a,2024,f,90,1230.0
Murang'a,2024,m,00,12171.0
Murang'a,2024,m,01,46677.0
Murang'a,2024,m,05,56870.0
Murang'a,2024,m,10,58625.0
Murang'a,2024,m,15,60074.0
Murang'a,2024,m,20,43878.0
Murang'a,2024,m,25,34485.0
Murang'a,2024,m,30,37190.0
Murang'a,2024,m,35,40728.0
Murang'a,2024,m,40,36200.0
Murang'a,2024,m,45,32265.0
Murang'a,2024,m,50,27465.0
Murang'a,2024,m,55,23104.0
Murang'a,2024,m,60,15626.0
Murang'a,2024,m,65,12200.0
Murang'a,2024,m,70,8418.0
Murang'a,2024,m,75,5329.0
Murang'a,2024,m,80,2410.0
Murang'a,2024,m,85,1079.0
Murang'a,2024,m,90,541.0
Nairobi,2024,f,00,67948.0
Nairobi,2024,f,01,260691.0
Nairobi,2024,f,05,257573.0
Nairobi,2024,f,10,228008.0
Nairobi,2024,f,15,258224.0
Nairobi,2024,f,20,394876.0
Nairobi,2024,f,25,373412.0
Nairobi,2024,f,30,288774.0
Nairobi,2024,f,35,235904.0
Nairobi,2024,f,40,155710.0
Nairobi,2024,f,45,103801.0
Nairobi,2024,f,50,72606.0
Nairobi,2024,f,55,43772.0
Nairobi,2024,f,60,24464.0
Nairobi,2024,f,65,13780.0
Nairobi,2024,f,70,7145.0
Nairobi,2024,f,75,4078.0
Nairobi,2024,f,80,2258.0
Nairobi,2024,f,85,1130.0
Nairobi,2024,f,90,681.0
Nairobi,2024,m,00,69280.0
Nairobi,2024,m,01,265684.0
Nairobi,2024,m,05,255230.0
Nairobi,2024,m,10,215498.0
Nairobi,2024,m,15,206827.0
Nairobi,2024,m,20,335315.0
Nairobi,2024,m,25,362410.0
Nairobi,2024,m,30,311699.0
Nairobi,2024,m,35,256965.0
Nairobi,2024,m,40,186794.0
Nairobi,2024,m,45,135305.0
Nairobi,2024,m,50,96093.0
Nairobi,2024,m,55,60484.0
Nairobi,2024,m,60,30787.0
Nairobi,2024,m,65,15507.0
Nairobi,2024,m,70,7350.0
Nairobi,2024,m,75,3695.0
Nairobi,2024,m,80,1309.0
Nairobi,2024,m,85,482.0
Nairobi,2024,m,90,242.0
Nakuru,2024,f,00,33273.0
Nakuru,2024,f,01,127654.0
Nakuru,2024,f,05,148029.0
Nakuru,2024,f,10,152201.0
Nakuru,2024,f,15,147549.0
Nakuru,2024,f,20,131126.0
Nakuru,2024,f,25,110932.0
Nakuru,2024,f,30,99581.0
Nakuru,2024,f,35,87695.0
Nakuru,2024,f,40,67562.0
Nakuru,2024,f,45,56500.0
Nakuru,2024,f,50,44965.0
Nakuru,2024,f,55,33095.0
Nakuru,2024,f,60,21201.0
Nakuru,2024,f,65,14622.0
Nakuru,2024,f,70,9095.0
Nakuru,2024,f,75,6573.0
Nakuru,2024,f,80,4037.0
Nakuru,2024,f,85,1920.0
Nakuru,2024,f,90,1008.0
Nakuru,2024,m,00,34158.0
Nakuru,2024,m,01,130992.0
Nakuru,2024,m,05,151641.0
Nakuru,2024,m,10,152719.0
Nakuru,2024,m,15,147314.0
Nakuru,2024,m,20,134045.0
Nakuru,2024,m,25,106025.0
Nakuru,2024,m,30,96543.0
Nakuru,2024,m,35,88191.0
Nakuru,2024,m,40,71752.0
Nakuru,2024,m,45,58495.0
Nakuru,2024,m,50,44750.0
Nakuru,2024,m,55,32817.0
Nakuru,2024,m,60,20299.0
Nakuru,2024,m,65,13676.0
Nakuru,2024,m,70,8136.0
Nakuru,2024,m,75,5038.0
Nakuru,2024,m,80,2226.0
Nakuru,2024,m,85,965.0
Nakuru,2024,m,90,503.0
Nandi,2024,f,00,12084.0
Nandi,2024,f,01,46361.0
Nandi,2024,f,05,59993.0
Nandi,2024,f,10,64949.0
Nandi,2024,f,15,63237.0
Nandi,2024,f,20,46679.0
Nandi,2024,f,25,38005.0
Nandi,2024,f,30,35849.0
Nandi,2024,f,35,27311.0
Nandi,2024,f,40,24082.0
Nandi,2024,f,45,21089.0
Nandi,2024,f,50,16404.0
Nandi,2024,f,55,13533.0
Nandi,2024,f,60,9381.0
Nandi,2024,f,65,6773.0
Nandi,2024,f,70,3907.0
Nandi,2024,f,75,2954.0
Nandi,2024,f,80,1922.0
Nandi,2024,f,85,925.0
Nandi,2024,f,90,488.0
Nandi,2024,m,00,12290.0
Nandi,2024,m,01,47130.0
Nandi,2024,m,05,60984.0
Nandi,2024,m,10,65513.0
Nandi,2024,m,15,63603.0
Nandi,2024,m,20,47538.0
Nandi,2024,m,25,35653.0
Nandi,2024,m,30,33907.0
Nandi,2024,m,35,30194.0
Nandi,2024,m,40,25403.0
Nandi,2024,m,45,21116.0
Nandi,2024,m,50,15549.0
Nandi,2024,m,55,12610.0
Nandi,2024,m,60,9031.0
Nandi,2024,m,65,5869.0
Nandi,2024,m,70,3441.0
Nandi,2024,m,75,2642.0
Nandi,2024,m,80,1271.0
Nandi,2024,m,85,517.0
Nandi,2024,m,90,251.0
Narok,2024,f,00,23996.0
Narok,2024,f,01,92065.0
Narok,2024,f,05,115199.0
Narok,2024,f,10,103912.0
Narok,2024,f,15,80812.0
Narok,2024,f,20,67791.0
Narok,2024,f,25,54858.0
Narok,2024,f,30,45155.0
Narok,2024,f,35,33423.0
Narok,2024,f,40,28470.0
Narok,2024,f,45,23686.0
Narok,2024,f,50,17612.0
Narok,2024,f,55,13499.0
Narok,2024,f,60,9863.0
Narok,2024,f,65,5730.0
Narok,2024,f,70,3924.0
Narok,2024,f,75,2342.0
Narok,2024,f,80,1443.0
Narok,2024,f,85,895.0
Narok,2024,f,90,583.0
Narok,2024,m,00,24402.0
Narok,2024,m,01,93579.0
Narok,2024,m,05,117787.0
Narok,2024,m,10,105807.0
Narok,2024,m,15,84458.0
Narok,2024,m,20,64528.0
Narok,2024,m,25,50369.0
Narok,2024,m,30,44272.0
Narok,2024,m,35,36622.0
Narok,2024,m,40,29448.0
Narok,2024,m,45,24461.0
Narok,2024,m,50,17822.0
Narok,2024,m,55,12540.0
Narok,2024,m,60,8958.0
Narok,2024,m,65,5637.0
Narok,2024,m,70,3453.0
Narok,2024,m,75,2294.0
Narok,2024,m,80,1047.0
Narok,2024,m,85,470.0
Narok,2024,m,90,262.0
Nyamira,2024,f,00,6836.0
Nyamira,2024,f,01,26227.0
Nyamira,2024,f,05,37565.0
Nyamira,2024,f,10,44239.0
Nyamira,2024,f,15,37989.0
Nyamira,2024,f,20,25422.0
Nyamira,2024,f,25,24423.0
Nyamira,2024,f,30,25581.0
Nyamira,2024,f,35,18157.0
Nyamira,2024,f,40,16306.0
Nyamira,2024,f,45,14768.0
Nyamira,2024,f,50,9771.0
Nyamira,2024,f,55,11362.0
Nyamira,2024,f,60,8628.0
Nyamira,2024,f,65,5466.0
Nyamira,2024,f,70,3384.0
Nyamira,2024,f,75,1964.0
Nyamira,2024,f,80,1250.0
Nyamira,2024,f,85,765.0
Nyamira,2024,f,90,481.0
Nyamira,2024,m,00,6872.0
Nyamira,2024,m,01,26355.0
Nyamira,2024,m,05,38070.0
Nyamira,2024,m,10,44594.0
Nyamira,2024,m,15,37334.0
Nyamira,2024,m,20,22340.0
Nyamira,2024,m,25,18507.0
Nyamira,2024,m,30,18783.0
Nyamira,2024,m,35,17415.0
Nyamira,2024,m,40,15279.0
Nyamira,2024,m,45,12458.0
Nyamira,2024,m,50,9788.0
Nyamira,2024,m,55,10768.0
Nyamira,2024,m,60,7911.0
Nyamira,2024,m,65,4561.0
Nyamira,2024,m,70,2799.0
Nyamira,2024,m,75,1719.0
Nyamira,2024,m,80,785.0
Nyamira,2024,m,85,382.0
Nyamira,2024,m,90,234.0
Nyandarua,2024,f,00,7451.0
Nyandarua,2024,f,01,28587.0
Nyandarua,2024,f,05,36008.0
Nyandarua,2024,f,10,39303.0
Nyandarua,2024,f,15,39814.0
Nyandarua,2024,f,20,25765.0
Nyandarua,2024,f,25,20827.0
Nyandarua,2024,f,30,21927.0
Nyandarua,2024,f,35,24365.0
Nyandarua,2024,f,40,20698.0
Nyandarua,2024,f,45,19361.0
Nyandarua,2024,f,50,17605.0
Nyandarua,2024,f,55,13061.0
Nyandarua,2024,f,60,7811.0
Nyandarua,2024,f,65,5681.0
Nyandarua,2024,f,70,4098.0
Nyandarua,2024,f,75,3525.0
Nyandarua,2024,f,80,1976.0
Nyandarua,2024,f,85,778.0
Nyandarua,2024,f,90,377.0
Nyandarua,2024,m,00,7657.0
Nyandarua,2024,m,01,29363.0
Nyandarua,2024,m,05,37041.0
Nyandarua,2024,m,10,41043.0
Nyandarua,2024,m,15,42051.0
Nyandarua,2024,m,20,27702.0
Nyandarua,2024,m,25,20262.0
Nyandarua,2024,m,30,20575.0
Nyandarua,2024,m,35,21950.0
Nyandarua,2024,m,40,19013.0
Nyandarua,2024,m,45,17267.0
Nyandarua,2024,m,50,15595.0
Nyandarua,2024,m,55,12110.0
Nyandarua,2024,m,60,7258.0
Nyandarua,2024,m,65,4820.0
Nyandarua,2024,m,70,3157.0
Nyandarua,2024,m,75,2217.0
Nyandarua,2024,m,80,1048.0
Nyandarua,2024,m,85,473.0
Nyandarua,2024,m,90,267.0
Nyeri,2024,f,00,7714.0
Nyeri,2024,f,01,29595.0
Nyeri,2024,f,05,36051.0
Nyeri,2024,f,10,36521.0
Nyeri,2024,f,15,38813.0
Nyeri,2024,f,20,30974.0
Nyeri,2024,f,25,25900.0
Nyeri,2024,f,30,27494.0
Nyeri,2024,f,35,31984.0
Nyeri,2024,f,40,27280.0
Nyeri,2024,f,45,25007.0
Nyeri,2024,f,50,24924.0
Nyeri,2024,f,55,18624.0
Nyeri,2024,f,60,11943.0
Nyeri,2024,f,65,9005.0
Nyeri,2024,f,70,6857.0
Nyeri,2024,f,75,5363.0
Nyeri,2024,f,80,3390.0
Nyeri,2024,f,85,1674.0
Nyeri,2024,f,90,874.0
Nyeri,2024,m,00,7968.0
Nyeri,2024,m,01,30555.0
Nyeri,2024,m,05,36605.0
Nyeri,2024,m,10,37537.0
Nyeri,2024,m,15,40326.0
Nyeri,2024,m,20,33527.0
Nyeri,2024,m,25,25803.0
Nyeri,2024,m,30,27334.0
Nyeri,2024,m,35,30111.0
Nyeri,2024,m,40,26510.0
Nyeri,2024,m,45,24111.0
Nyeri,2024,m,50,22468.0
Nyeri,2024,m,55,17739.0
Nyeri,2024,m,60,10755.0
Nyeri,2024,m,65,7736.0
Nyeri,2024,m,70,5616.0
Nyeri,2024,m,75,3582.0
Nyeri,2024,m,80,1608.0
Nyeri,2024,m,85,751.0
Nyeri,2024,m,90,421.0
Samburu,2024,f,00,6358.0
Samburu,2024,f,01,24392.0
Samburu,2024,f,05,30022.0
Samburu,2024,f,10,26676.0
Samburu,2024,f,15,21311.0
Samburu,2024,f,20,18441.0
Samburu,2024,f,25,13870.0
Samburu,2024,f,30,10678.0
Samburu,2024,f,35,7732.0
Samburu,2024,f,40,6263.0
Samburu,2024,f,45,5776.0
Samburu,2024,f,50,4204.0
Samburu,2024,f,55,2869.0
Samburu,2024,f,60,3037.0
Samburu,2024,f,65,1779.0
Samburu,2024,f,70,1371.0
Samburu,2024,f,75,752.0
Samburu,2024,f,80,431.0
Samburu,2024,f,85,293.0
Samburu,2024,f,90,218.0
Samburu,2024,m,00,6460.0
Samburu,2024,m,01,24772.0
Samburu,2024,m,05,30771.0
Samburu,2024,m,10,28388.0
Samburu,2024,m,15,25184.0
Samburu,2024,m,20,18969.0
Samburu,2024,m,25,13827.0
Samburu,2024,m,30,10254.0
Samburu,2024,m,35,7385.0
Samburu,2024,m,40,6980.0
Samburu,2024,m,45,5431.0
Samburu,2024,m,50,3816.0
Samburu,2024,m,55,2843.0
Samburu,2024,m,60,2665.0
Samburu,2024,m,65,1356.0
Samburu,2024,m,70,1134.0
Samburu,2024,m,75,741.0
Samburu,2024,m,80,320.0
Samburu,2024,m,85,166.0
Samburu,2024,m,90,110.0
Siaya,2024,f,00,14268.0
Siaya,2024,f,01,54741.0
Siaya,2024,f,05,73792.0
Siaya,2024,f,10,80214.0
Siaya,2024,f,15,70397.0
Siaya,2024,f,20,49839.0
Siaya,2024,f,25,40973.0
Siaya,2024,f,30,38253.0
Siaya,2024,f,35,30958.0
Siaya,2024,f,40,25931.0
Siaya,2024,f,45,20878.0
Siaya,2024,f,50,21348.0
Siaya,2024,f,55,19144.0
Siaya,2024,f,60,16755.0
Siaya,2024,f,65,12868.0
Siaya,2024,f,70,8197.0
Siaya,2024,f,75,5612.0
Siaya,2024,f,80,3416.0
Siaya,2024,f,85,1675.0
Siaya,2024,f,90,846.0
Siaya,2024,m,00,14371.0
Siaya,2024,m,01,55113.0
Siaya,2024,m,05,73523.0
Siaya,2024,m,10,80200.0
Siaya,2024,m,15,69759.0
Siaya,2024,m,20,45186.0
Siaya,2024,m,25,33652.0
Siaya,2024,m,30,33003.0
Siaya,2024,m,35,30686.0
Siaya,2024,m,40,24410.0
Siaya,2024,m,45,17621.0
Siaya,2024,m,50,15104.0
Siaya,2024,m,55,12878.0
Siaya,2024,m,60,10737.0
Siaya,2024,m,65,8079.0
Siaya,2024,m,70,5233.0
Siaya,2024,m,75,3364.0
Siaya,2024,m,80,1581.0
Siaya,2024,m,85,751.0
Siaya,2024,m,90,423.0
TaitaTaveta,2024,f,00,4519.0
TaitaTaveta,2024,f,01,17338.0
TaitaTaveta,2024,f,05,19843.0
TaitaTaveta,2024,f,10,20915.0
TaitaTaveta,2024,f,15,20320.0
TaitaTaveta,2024,f,20,16551.0
TaitaTaveta,2024,f,25,14246.0
TaitaTaveta,2024,f,30,12741.0
TaitaTaveta,2024,f,35,12958.0
TaitaTaveta,2024,f,40,10623.0
TaitaTaveta,2024,f,45,9581.0
TaitaTaveta,2024,f,50,8034.0
TaitaTaveta,2024,f,55,6932.0
TaitaTaveta,2024,f,60,5286.0
TaitaTaveta,2024,f,65,3748.0
TaitaTaveta,2024,f,70,2313.0
TaitaTaveta,2024,f,75,1496.0
TaitaTaveta,2024,f,80,983.0
TaitaTaveta,2024,f,85,580.0
TaitaTaveta,2024,f,90,380.0
TaitaTaveta,2024,m,00,4567.0
TaitaTaveta,2024,m,01,17514.0
TaitaTaveta,2024,m,05,20024.0
TaitaTaveta,2024,m,10,21139.0
TaitaTaveta,2024,m,15,20849.0
TaitaTaveta,2024,m,20,18066.0
TaitaTaveta,2024,m,25,15432.0
TaitaTaveta,2024,m,30,14578.0
TaitaTaveta,2024,m,35,14654.0
TaitaTaveta,2024,m,40,12232.0
TaitaTaveta,2024,m,45,10513.0
TaitaTaveta,2024,m,50,8846.0
TaitaTaveta,2024,m,55,6751.0
TaitaTaveta,2024,m,60,5031.0
TaitaTaveta,2024,m,65,3427.0
TaitaTaveta,2024,m,70,1876.0
TaitaTaveta,2024,m,75,1240.0
TaitaTaveta,2024,m,80,555.0
TaitaTaveta,2024,m,85,231.0
TaitaTaveta,2024,m,90,121.0
TanaRiver,2024,f,00,11669.0
TanaRiver,2024,f,01,44768.0
TanaRiver,2024,f,05,53909.0
TanaRiver,2024,f,10,47962.0
TanaRiver,2024,f,15,38797.0
TanaRiver,2024,f,20,32528.0
TanaRiver,2024,f,25,26515.0
TanaRiver,2024,f,30,19870.0
TanaRiver,2024,f,35,17401.0
TanaRiver,2024,f,40,13352.0
TanaRiver,2024,f,45,10727.0
TanaRiver,2024,f,50,8904.0
TanaRiver,2024,f,55,6271.0
TanaRiver,2024,f,60,5838.0
TanaRiver,2024,f,65,3298.0
TanaRiver,2024,f,70,2304.0
TanaRiver,2024,f,75,1086.0
TanaRiver,2024,f,80,609.0
TanaRiver,2024,f,85,508.0
TanaRiver,2024,f,90,463.0
TanaRiver,2024,m,00,12474.0
TanaRiver,2024,m,01,47837.0
TanaRiver,2024,m,05,58295.0
TanaRiver,2024,m,10,51878.0
TanaRiver,2024,m,15,41612.0
TanaRiver,2024,m,20,33492.0
TanaRiver,2024,m,25,24421.0
TanaRiver,2024,m,30,19226.0
TanaRiver,2024,m,35,17323.0
TanaRiver,2024,m,40,14733.0
TanaRiver,2024,m,45,11308.0
TanaRiver,2024,m,50,9739.0
TanaRiver,2024,m,55,7094.0
TanaRiver,2024,m,60,6130.0
TanaRiver,2024,m,65,3096.0
TanaRiver,2024,m,70,2096.0
TanaRiver,2024,m,75,1267.0
TanaRiver,2024,m,80,569.0
TanaRiver,2024,m,85,336.0
TanaRiver,2024,m,90,236.0
Tharaka-Nithi,2024,f,00,3755.0
Tharaka-Nithi,2024,f,01,14406.0
Tharaka-Nithi,2024,f,05,18283.0
Tharaka-Nithi,2024,f,10,20267.0
Tharaka-Nithi,2024,f,15,20273.0
Tharaka-Nithi,2024,f,20,14681.0
Tharaka-Nithi,2024,f,25,12104.0
Tharaka-Nithi,2024,f,30,12163.0
Tharaka-Nithi,2024,f,35,12471.0
Tharaka-Nithi,2024,f,40,10139.0
Tharaka-Nithi,2024,f,45,9885.0
Tharaka-Nithi,2024,f,50,7224.0
Tharaka-Nithi,2024,f,55,6731.0
Tharaka-Nithi,2024,f,60,5082.0
Tharaka-Nithi,2024,f,65,3971.0
Tharaka-Nithi,2024,f,70,2749.0
Tharaka-Nithi,2024,f,75,1680.0
Tharaka-Nithi,2024,f,80,1168.0
Tharaka-Nithi,2024,f,85,771.0
Tharaka-Nithi,2024,f,90,493.0
Tharaka-Nithi,2024,m,00,3768.0
Tharaka-Nithi,2024,m,01,14450.0
Tharaka-Nithi,2024,m,05,18490.0
Tharaka-Nithi,2024,m,10,20350.0
Tharaka-Nithi,2024,m,15,20017.0
Tharaka-Nithi,2024,m,20,14864.0
Tharaka-Nithi,2024,m,25,11871.0
Tharaka-Nithi,2024,m,30,11806.0
Tharaka-Nithi,2024,m,35,12027.0
Tharaka-Nithi,2024,m,40,10276.0
Tharaka-Nithi,2024,m,45,9328.0
Tharaka-Nithi,2024,m,50,7277.0
Tharaka-Nithi,2024,m,55,6511.0
Tharaka-Nithi,2024,m,60,4901.0
Tharaka-Nithi,2024,m,65,3330.0
Tharaka-Nithi,2024,m,70,2079.0
Tharaka-Nithi,2024,m,75,1375.0
Tharaka-Nithi,2024,m,80,679.0
Tharaka-Nithi,2024,m,85,337.0
Tharaka-Nithi,2024,m,90,201.0
TransNzoia,2024,f,00,14861.0
TransNzoia,2024,f,01,57015.0
TransNzoia,2024,f,05,74799.0
TransNzoia,2024,f,10,77811.0
TransNzoia,2024,f,15,72318.0
TransNzoia,2024,f,20,50234.0
TransNzoia,2024,f,25,39976.0
TransNzoia,2024,f,30,35812.0
TransNzoia,2024,f,35,29838.0
TransNzoia,2024,f,40,26947.0
TransNzoia,2024,f,45,21035.0
TransNzoia,2024,f,50,18174.0
TransNzoia,2024,f,55,14970.0
TransNzoia,2024,f,60,10505.0
TransNzoia,2024,f,65,6762.0
TransNzoia,2024,f,70,3955.0
TransNzoia,2024,f,75,2765.0
TransNzoia,2024,f,80,1678.0
TransNzoia,2024,f,85,807.0
TransNzoia,2024,f,90,430.0
TransNzoia,2024,m,00,15206.0
TransNzoia,2024,m,01,58315.0
TransNzoia,2024,m,05,75275.0
TransNzoia,2024,m,10,78014.0
TransNzoia,2024,m,15,73296.0
TransNzoia,2024,m,20,49715.0
TransNzoia,2024,m,25,36444.0
TransNzoia,2024,m,30,33504.0
TransNzoia,2024,m,35,30313.0
TransNzoia,2024,m,40,26014.0
TransNzoia,2024,m,45,20312.0
TransNzoia,2024,m,50,16329.0
TransNzoia,2024,m,55,13334.0
TransNzoia,2024,m,60,9803.0
TransNzoia,2024,m,65,6012.0
TransNzoia,2024,m,70,3441.0
TransNzoia,2024,m,75,2242.0
TransNzoia,2024,m,80,1029.0
TransNzoia,2024,m,85,458.0
TransNzoia,2024,m,90,246.0
Turkana,2024,f,00,15273.0
Turkana,2024,f,01,58596.0
Turkana,2024,f,05,75537.0
Turkana,2024,f,10,71303.0
Turkana,2024,f,15,63215.0
Turkana,2024,f,20,50044.0
Turkana,2024,f,25,41384.0
Turkana,2024,f,30,31177.0
Turkana,2024,f,35,26785.0
Turkana,2024,f,40,20229.0
Turkana,2024,f,45,14931.0
Turkana,2024,f,50,11644.0
Turkana,2024,f,55,8008.0
Turkana,2024,f,60,7359.0
Turkana,2024,f,65,4879.0
Turkana,2024,f,70,3468.0
Turkana,2024,f,75,1896.0
Turkana,2024,f,80,909.0
Turkana,2024,f,85,462.0
Turkana,2024,f,90,311.0
Turkana,2024,m,00,15582.0
Turkana,2024,m,01,59755.0
Turkana,2024,m,05,78857.0
Turkana,2024,m,10,78863.0
Turkana,2024,m,15,78481.0
Turkana,2024,m,20,62898.0
Turkana,2024,m,25,45276.0
Turkana,2024,m,30,31596.0
Turkana,2024,m,35,24775.0
Turkana,2024,m,40,20350.0
Turkana,2024,m,45,14544.0
Turkana,2024,m,50,11712.0
Turkana,2024,m,55,7151.0
Turkana,2024,m,60,6109.0
Turkana,2024,m,65,3587.0
Turkana,2024,m,70,2543.0
Turkana,2024,m,75,1566.0
Turkana,2024,m,80,581.0
Turkana,2024,m,85,244.0
Turkana,2024,m,90,157.0
UasinGishu,2024,f,00,16969.0
UasinGishu,2024,f,01,65105.0
UasinGishu,2024,f,05,77083.0
UasinGishu,2024,f,10,81349.0
UasinGishu,2024,f,15,83296.0
UasinGishu,2024,f,20,78278.0
UasinGishu,2024,f,25,62504.0
UasinGishu,2024,f,30,52656.0
UasinGishu,2024,f,35,44142.0
UasinGishu,2024,f,40,34786.0
UasinGishu,2024,f,45,28447.0
UasinGishu,2024,f,50,20580.0
UasinGishu,2024,f,55,16157.0
UasinGishu,2024,f,60,10512.0
UasinGishu,2024,f,65,7070.0
UasinGishu,2024,f,70,3963.0
UasinGishu,2024,f,75,3095.0
UasinGishu,2024,f,80,1964.0
UasinGishu,2024,f,85,891.0
UasinGishu,2024,f,90,453.0
UasinGishu,2024,m,00,17202.0
UasinGishu,2024,m,01,65967.0
UasinGishu,2024,m,05,78651.0
UasinGishu,2024,m,10,80203.0
UasinGishu,2024,m,15,80308.0
UasinGishu,2024,m,20,78299.0
UasinGishu,2024,m,25,62609.0
UasinGishu,2024,m,30,52913.0
UasinGishu,2024,m,35,46709.0
UasinGishu,2024,m,40,37255.0
UasinGishu,2024,m,45,29920.0
UasinGishu,2024,m,50,21500.0
UasinGishu,2024,m,55,15949.0
UasinGishu,2024,m,60,10240.0
UasinGishu,2024,m,65,6375.0
UasinGishu,2024,m,70,3578.0
UasinGishu,2024,m,75,2532.0
UasinGishu,2024,m,80,1178.0
UasinGishu,2024,m,85,484.0
UasinGishu,2024,m,90,239.0
Vihiga,2024,f,00,6879.0
Vihiga,2024,f,01,26391.0
Vihiga,2024,f,05,37660.0
Vihiga,2024,f,10,42301.0
Vihiga,2024,f,15,39518.0
Vihiga,2024,f,20,23127.0
Vihiga,2024,f,25,18014.0
Vihiga,2024,f,30,17704.0
Vihiga,2024,f,35,16933.0
Vihiga,2024,f,40,15231.0
Vihiga,2024,f,45,13064.0
Vihiga,2024,f,50,13270.0
Vihiga,2024,f,55,11979.0
Vihiga,2024,f,60,10322.0
Vihiga,2024,f,65,7678.0
Vihiga,2024,f,70,4651.0
Vihiga,2024,f,75,3568.0
Vihiga,2024,f,80,2279.0
Vihiga,2024,f,85,1076.0
Vihiga,2024,f,90,537.0
Vihiga,2024,m,00,6820.0
Vihiga,2024,m,01,26154.0
Vihiga,2024,m,05,37310.0
Vihiga,2024,m,10,41603.0
Vihiga,2024,m,15,39296.0
Vihiga,2024,m,20,23336.0
Vihiga,2024,m,25,15402.0
Vihiga,2024,m,30,15213.0
Vihiga,2024,m,35,15285.0
Vihiga,2024,m,40,13540.0
Vihiga,2024,m,45,11638.0
Vihiga,2024,m,50,10515.0
Vihiga,2024,m,55,9363.0
Vihiga,2024,m,60,8301.0
Vihiga,2024,m,65,6206.0
Vihiga,2024,m,70,3966.0
Vihiga,2024,m,75,2658.0
Vihiga,2024,m,80,1231.0
Vihiga,2024,m,85,550.0
Vihiga,2024,m,90,292.0
Wajir,2024,f,00,14357.0
Wajir,2024,f,01,55081.0
Wajir,2024,f,05,71445.0
Wajir,2024,f,10,63081.0
Wajir,2024,f,15,50771.0
Wajir,2024,f,20,36663.0
Wajir,2024,f,25,32403.0
Wajir,2024,f,30,25342.0
Wajir,2024,f,35,21611.0
Wajir,2024,f,40,16138.0
Wajir,2024,f,45,8178.0
Wajir,2024,f,50,7072.0
Wajir,2024,f,55,3942.0
Wajir,2024,f,60,3293.0
Wajir,2024,f,65,1511.0
Wajir,2024,f,70,1242.0
Wajir,2024,f,75,513.0
Wajir,2024,f,80,277.0
Wajir,2024,f,85,268.0
Wajir,2024,f,90,334.0
Wajir,2024,m,00,14488.0
Wajir,2024,m,01,55561.0
Wajir,2024,m,05,75076.0
Wajir,2024,m,10,77041.0
Wajir,2024,m,15,67039.0
Wajir,2024,m,20,41588.0
Wajir,2024,m,25,31703.0
Wajir,2024,m,30,26894.0
Wajir,2024,m,35,20809.0
Wajir,2024,m,40,20463.0
Wajir,2024,m,45,11576.0
Wajir,2024,m,50,11973.0
Wajir,2024,m,55,6075.0
Wajir,2024,m,60,5922.0
Wajir,2024,m,65,2394.0
Wajir,2024,m,70,1794.0
Wajir,2024,m,75,1029.0
Wajir,2024,m,80,409.0
Wajir,2024,m,85,235.0
Wajir,2024,m,90,200.0
WestPokot,2024,f,00,14057.0
WestPokot,2024,f,01,53930.0
WestPokot,2024,f,05,61346.0
WestPokot,2024,f,10,54187.0
WestPokot,2024,f,15,43854.0
WestPokot,2024,f,20,35180.0
WestPokot,2024,f,25,26543.0
WestPokot,2024,f,30,21029.0
WestPokot,2024,f,35,15577.0
WestPokot,2024,f,40,13201.0
WestPokot,2024,f,45,11654.0
WestPokot,2024,f,50,8793.0
WestPokot,2024,f,55,6073.0
WestPokot,2024,f,60,5682.0
WestPokot,2024,f,65,4352.0
WestPokot,2024,f,70,2728.0
WestPokot,2024,f,75,1488.0
WestPokot,2024,f,80,809.0
WestPokot,2024,f,85,452.0
WestPokot,2024,f,90,318.0
WestPokot,2024,m,00,14253.0
WestPokot,2024,m,01,54657.0
WestPokot,2024,m,05,61527.0
WestPokot,2024,m,10,54281.0
WestPokot,2024,m,15,44608.0
WestPokot,2024,m,20,33848.0
WestPokot,2024,m,25,25609.0
WestPokot,2024,m,30,20987.0
WestPokot,2024,m,35,15638.0
WestPokot,2024,m,40,13111.0
WestPokot,2024,m,45,11586.0
WestPokot,2024,m,50,8422.0
WestPokot,2024,m,55,5871.0
WestPokot,2024,m,60,4660.0
WestPokot,2024,m,65,3302.0
WestPokot,2024,m,70,2112.0
WestPokot,2024,m,75,1229.0
WestPokot,2024,m,80,473.0
WestPokot,2024,m,85,194.0
WestPokot,2024,m,90,111.0
Baringo,2025,f,00,10611.0
Baringo,2025,f,01,40559.0
Baringo,2025,f,05,49912.0
Baringo,2025,f,10,49951.0
Baringo,2025,f,15,45563.0
Baringo,2025,f,20,35358.0
Baringo,2025,f,25,26965.0
Baringo,2025,f,30,21184.0
Baringo,2025,f,35,17909.0
Baringo,2025,f,40,14806.0
Baringo,2025,f,45,13433.0
Baringo,2025,f,50,11131.0
Baringo,2025,f,55,8245.0
Baringo,2025,f,60,6546.0
Baringo,2025,f,65,4841.0
Baringo,2025,f,70,3152.0
Baringo,2025,f,75,1884.0
Baringo,2025,f,80,1155.0
Baringo,2025,f,85,717.0
Baringo,2025,f,90,509.0
Baringo,2025,m,00,11131.0
Baringo,2025,m,01,42544.0
Baringo,2025,m,05,52272.0
Baringo,2025,m,10,52555.0
Baringo,2025,m,15,48834.0
Baringo,2025,m,20,37330.0
Baringo,2025,m,25,26317.0
Baringo,2025,m,30,21130.0
Baringo,2025,m,35,18207.0
Baringo,2025,m,40,14995.0
Baringo,2025,m,45,12795.0
Baringo,2025,m,50,10016.0
Baringo,2025,m,55,7888.0
Baringo,2025,m,60,6345.0
Baringo,2025,m,65,4395.0
Baringo,2025,m,70,2750.0
Baringo,2025,m,75,1684.0
Baringo,2025,m,80,712.0
Baringo,2025,m,85,323.0
Baringo,2025,m,90,193.0
Bomet,2025,f,00,12879.0
Bomet,2025,f,01,49229.0
Bomet,2025,f,05,63408.0
Bomet,2025,f,10,68438.0
Bomet,2025,f,15,65991.0
Bomet,2025,f,20,50233.0
Bomet,2025,f,25,40464.0
Bomet,2025,f,30,36638.0
Bomet,2025,f,35,23286.0
Bomet,2025,f,40,22469.0
Bomet,2025,f,45,20819.0
Bomet,2025,f,50,13361.0
Bomet,2025,f,55,12372.0
Bomet,2025,f,60,8814.0
Bomet,2025,f,65,6132.0
Bomet,2025,f,70,3823.0
Bomet,2025,f,75,2733.0
Bomet,2025,f,80,1877.0
Bomet,2025,f,85,1058.0
Bomet,2025,f,90,565.0
Bomet,2025,m,00,13325.0
Bomet,2025,m,01,50928.0
Bomet,2025,m,05,65928.0
Bomet,2025,m,10,68330.0
Bomet,2025,m,15,66841.0
Bomet,2025,m,20,48517.0
Bomet,2025,m,25,36925.0
Bomet,2025,m,30,32835.0
Bomet,2025,m,35,28465.0
Bomet,2025,m,40,23447.0
Bomet,2025,m,45,20474.0
Bomet,2025,m,50,13016.0
Bomet,2025,m,55,10945.0
Bomet,2025,m,60,8255.0
Bomet,2025,m,65,5343.0
Bomet,2025,m,70,3206.0
Bomet,2025,m,75,2072.0
Bomet,2025,m,80,954.0
Bomet,2025,m,85,446.0
Bomet,2025,m,90,252.0
Bungoma,2025,f,00,29803.0
Bungoma,2025,f,01,113921.0
Bungoma,2025,f,05,153548.0
Bungoma,2025,f,10,162282.0
Bungoma,2025,f,15,150983.0
Bungoma,2025,f,20,100067.0
Bungoma,2025,f,25,77968.0
Bungoma,2025,f,30,70536.0
Bungoma,2025,f,35,56427.0
Bungoma,2025,f,40,52734.0
Bungoma,2025,f,45,42217.0
Bungoma,2025,f,50,37681.0
Bungoma,2025,f,55,32648.0
Bungoma,2025,f,60,23864.0
Bungoma,2025,f,65,15685.0
Bungoma,2025,f,70,8847.0
Bungoma,2025,f,75,6403.0
Bungoma,2025,f,80,3761.0
Bungoma,2025,f,85,1720.0
Bungoma,2025,f,90,885.0
Bungoma,2025,m,00,29758.0
Bungoma,2025,m,01,113733.0
Bungoma,2025,m,05,154278.0
Bungoma,2025,m,10,159965.0
Bungoma,2025,m,15,151467.0
Bungoma,2025,m,20,96739.0
Bungoma,2025,m,25,67810.0
Bungoma,2025,m,30,60974.0
Bungoma,2025,m,35,54390.0
Bungoma,2025,m,40,47106.0
Bungoma,2025,m,45,39310.0
Bungoma,2025,m,50,31141.0
Bungoma,2025,m,55,27770.0
Bungoma,2025,m,60,20524.0
Bungoma,2025,m,65,12311.0
Bungoma,2025,m,70,6534.0
Bungoma,2025,m,75,4873.0
Bungoma,2025,m,80,2251.0
Bungoma,2025,m,85,919.0
Bungoma,2025,m,90,486.0
Busia,2025,f,00,13340.0
Busia,2025,f,01,50993.0
Busia,2025,f,05,67634.0
Busia,2025,f,10,73014.0
Busia,2025,f,15,70950.0
Busia,2025,f,20,47909.0
Busia,2025,f,25,37482.0
Busia,2025,f,30,33072.0
Busia,2025,f,35,26538.0
Busia,2025,f,40,23730.0
Busia,2025,f,45,18665.0
Busia,2025,f,50,18879.0
Busia,2025,f,55,16024.0
Busia,2025,f,60,12158.0
Busia,2025,f,65,8260.0
Busia,2025,f,70,5049.0
Busia,2025,f,75,3423.0
Busia,2025,f,80,2017.0
Busia,2025,f,85,1017.0
Busia,2025,f,90,566.0
Busia,2025,m,00,13266.0
Busia,2025,m,01,50702.0
Busia,2025,m,05,66058.0
Busia,2025,m,10,71045.0
Busia,2025,m,15,69135.0
Busia,2025,m,20,44872.0
Busia,2025,m,25,30582.0
Busia,2025,m,30,27371.0
Busia,2025,m,35,25391.0
Busia,2025,m,40,21369.0
Busia,2025,m,45,16320.0
Busia,2025,m,50,14262.0
Busia,2025,m,55,12342.0
Busia,2025,m,60,9233.0
Busia,2025,m,65,5852.0
Busia,2025,m,70,3506.0
Busia,2025,m,75,2553.0
Busia,2025,m,80,1167.0
Busia,2025,m,85,496.0
Busia,2025,m,90,265.0
Elgeyo-Marakwet,2025,f,00,6363.0
Elgeyo-Marakwet,2025,f,01,24321.0
Elgeyo-Marakwet,2025,f,05,30012.0
Elgeyo-Marakwet,2025,f,10,30432.0
Elgeyo-Marakwet,2025,f,15,29393.0
Elgeyo-Marakwet,2025,f,20,22411.0
Elgeyo-Marakwet,2025,f,25,17188.0
Elgeyo-Marakwet,2025,f,30,14319.0
Elgeyo-Marakwet,2025,f,35,11761.0
Elgeyo-Marakwet,2025,f,40,10098.0
Elgeyo-Marakwet,2025,f,45,9266.0
Elgeyo-Marakwet,2025,f,50,6694.0
Elgeyo-Marakwet,2025,f,55,5946.0
Elgeyo-Marakwet,2025,f,60,4484.0
Elgeyo-Marakwet,2025,f,65,3274.0
Elgeyo-Marakwet,2025,f,70,2187.0
Elgeyo-Marakwet,2025,f,75,1495.0
Elgeyo-Marakwet,2025,f,80,898.0
Elgeyo-Marakwet,2025,f,85,469.0
Elgeyo-Marakwet,2025,f,90,274.0
Elgeyo-Marakwet,2025,m,00,6448.0
Elgeyo-Marakwet,2025,m,01,24644.0
Elgeyo-Marakwet,2025,m,05,30903.0
Elgeyo-Marakwet,2025,m,10,30279.0
Elgeyo-Marakwet,2025,m,15,29739.0
Elgeyo-Marakwet,2025,m,20,24111.0
Elgeyo-Marakwet,2025,m,25,17357.0
Elgeyo-Marakwet,2025,m,30,14081.0
Elgeyo-Marakwet,2025,m,35,12485.0
Elgeyo-Marakwet,2025,m,40,10423.0
Elgeyo-Marakwet,2025,m,45,9237.0
Elgeyo-Marakwet,2025,m,50,6188.0
Elgeyo-Marakwet,2025,m,55,5653.0
Elgeyo-Marakwet,2025,m,60,4232.0
Elgeyo-Marakwet,2025,m,65,3081.0
Elgeyo-Marakwet,2025,m,70,1726.0
Elgeyo-Marakwet,2025,m,75,1239.0
Elgeyo-Marakwet,2025,m,80,542.0
Elgeyo-Marakwet,2025,m,85,210.0
Elgeyo-Marakwet,2025,m,90,110.0
Embu,2025,f,00,7181.0
Embu,2025,f,01,27448.0
Embu,2025,f,05,32158.0
Embu,2025,f,10,35423.0
Embu,2025,f,15,37940.0
Embu,2025,f,20,30655.0
Embu,2025,f,25,25227.0
Embu,2025,f,30,25302.0
Embu,2025,f,35,27428.0
Embu,2025,f,40,22574.0
Embu,2025,f,45,19677.0
Embu,2025,f,50,17887.0
Embu,2025,f,55,14770.0
Embu,2025,f,60,9683.0
Embu,2025,f,65,7651.0
Embu,2025,f,70,4883.0
Embu,2025,f,75,3069.0
Embu,2025,f,80,2274.0
Embu,2025,f,85,1557.0
Embu,2025,f,90,933.0
Embu,2025,m,00,7401.0
Embu,2025,m,01,28287.0
Embu,2025,m,05,32590.0
Embu,2025,m,10,35885.0
Embu,2025,m,15,38964.0
Embu,2025,m,20,33632.0
Embu,2025,m,25,27660.0
Embu,2025,m,30,26377.0
Embu,2025,m,35,27996.0
Embu,2025,m,40,23533.0
Embu,2025,m,45,19541.0
Embu,2025,m,50,16464.0
Embu,2025,m,55,13879.0
Embu,2025,m,60,8968.0
Embu,2025,m,65,6730.0
Embu,2025,m,70,3392.0
Embu,2025,m,75,2368.0
Embu,2025,m,80,1263.0
Embu,2025,m,85,592.0
Embu,2025,m,90,300.0
Garissa,2025,f,00,16178.0
Garissa,2025,f,01,61839.0
Garissa,2025,f,05,82948.0
Garissa,2025,f,10,74008.0
Garissa,2025,f,15,66333.0
Garissa,2025,f,20,50883.0
Garissa,2025,f,25,42941.0
Garissa,2025,f,30,30815.0
Garissa,2025,f,35,30458.0
Garissa,2025,f,40,23494.0
Garissa,2025,f,45,13042.0
Garissa,2025,f,50,12617.0
Garissa,2025,f,55,5098.0
Garissa,2025,f,60,6604.0
Garissa,2025,f,65,2310.0
Garissa,2025,f,70,2824.0
Garissa,2025,f,75,1073.0
Garissa,2025,f,80,659.0
Garissa,2025,f,85,1097.0
Garissa,2025,f,90,1189.0
Garissa,2025,m,00,17951.0
Garissa,2025,m,01,68608.0
Garissa,2025,m,05,95303.0
Garissa,2025,m,10,94157.0
Garissa,2025,m,15,82945.0
Garissa,2025,m,20,60214.0
Garissa,2025,m,25,37504.0
Garissa,2025,m,30,29135.0
Garissa,2025,m,35,25093.0
Garissa,2025,m,40,26681.0
Garissa,2025,m,45,16342.0
Garissa,2025,m,50,18045.0
Garissa,2025,m,55,8217.0
Garissa,2025,m,60,9527.0
Garissa,2025,m,65,3221.0
Garissa,2025,m,70,3337.0
Garissa,2025,m,75,1580.0
Garissa,2025,m,80,779.0
Garissa,2025,m,85,829.0
Garissa,2025,m,90,652.0
HomaBay,2025,f,00,17546.0
HomaBay,2025,f,01,67068.0
HomaBay,2025,f,05,84977.0
HomaBay,2025,f,10,90665.0
HomaBay,2025,f,15,79794.0
HomaBay,2025,f,20,59069.0
HomaBay,2025,f,25,47070.0
HomaBay,2025,f,30,43872.0
HomaBay,2025,f,35,31457.0
HomaBay,2025,f,40,27474.0
HomaBay,2025,f,45,22048.0
HomaBay,2025,f,50,18137.0
HomaBay,2025,f,55,17604.0
HomaBay,2025,f,60,14713.0
HomaBay,2025,f,65,10761.0
HomaBay,2025,f,70,6779.0
HomaBay,2025,f,75,4222.0
HomaBay,2025,f,80,2403.0
HomaBay,2025,f,85,1239.0
HomaBay,2025,f,90,705.0
HomaBay,2025,m,00,17735.0
HomaBay,2025,m,01,67784.0
HomaBay,2025,m,05,84432.0
HomaBay,2025,m,10,90242.0
HomaBay,2025,m,15,78711.0
HomaBay,2025,m,20,52852.0
HomaBay,2025,m,25,37901.0
HomaBay,2025,m,30,34316.0
HomaBay,2025,m,35,32023.0
HomaBay,2025,m,40,25621.0
HomaBay,2025,m,45,17462.0
HomaBay,2025,m,50,13498.0
HomaBay,2025,m,55,12287.0
HomaBay,2025,m,60,10274.0
HomaBay,2025,m,65,7259.0
HomaBay,2025,m,70,4400.0
HomaBay,2025,m,75,2858.0
HomaBay,2025,m,80,1271.0
HomaBay,2025,m,85,579.0
HomaBay,2025,m,90,347.0
Isiolo,2025,f,00,6493.0
Isiolo,2025,f,01,24820.0
Isiolo,2025,f,05,29311.0
Isiolo,2025,f,10,26565.0
Isiolo,2025,f,15,23550.0
Isiolo,2025,f,20,19210.0
Isiolo,2025,f,25,15458.0
Isiolo,2025,f,30,12975.0
Isiolo,2025,f,35,10608.0
Isiolo,2025,f,40,7468.0
Isiolo,2025,f,45,5708.0
Isiolo,2025,f,50,4719.0
Isiolo,2025,f,55,4078.0
Isiolo,2025,f,60,3227.0
Isiolo,2025,f,65,1820.0
Isiolo,2025,f,70,1351.0
Isiolo,2025,f,75,683.0
Isiolo,2025,f,80,430.0
Isiolo,2025,f,85,353.0
Isiolo,2025,f,90,288.0
Isiolo,2025,m,00,6643.0
Isiolo,2025,m,01,25390.0
Isiolo,2025,m,05,30955.0
Isiolo,2025,m,10,29603.0
Isiolo,2025,m,15,28177.0
Isiolo,2025,m,20,21463.0
Isiolo,2025,m,25,16748.0
Isiolo,2025,m,30,14456.0
Isiolo,2025,m,35,11826.0
Isiolo,2025,m,40,9341.0
Isiolo,2025,m,45,6464.0
Isiolo,2025,m,50,5632.0
Isiolo,2025,m,55,4180.0
Isiolo,2025,m,60,3976.0
Isiolo,2025,m,65,1983.0
Isiolo,2025,m,70,1344.0
Isiolo,2025,m,75,843.0
Isiolo,2025,m,80,374.0
Isiolo,2025,m,85,205.0
Isiolo,2025,m,90,138.0
Kajiado,2025,f,00,21967.0
Kajiado,2025,f,01,83962.0
Kajiado,2025,f,05,91542.0
Kajiado,2025,f,10,81864.0
Kajiado,2025,f,15,76134.0
Kajiado,2025,f,20,92294.0
Kajiado,2025,f,25,83876.0
Kajiado,2025,f,30,66009.0
Kajiado,2025,f,35,54507.0
Kajiado,2025,f,40,39036.0
Kajiado,2025,f,45,29286.0
Kajiado,2025,f,50,22395.0
Kajiado,2025,f,55,14417.0
Kajiado,2025,f,60,9887.0
Kajiado,2025,f,65,5743.0
Kajiado,2025,f,70,3534.0
Kajiado,2025,f,75,2100.0
Kajiado,2025,f,80,1239.0
Kajiado,2025,f,85,734.0
Kajiado,2025,f,90,479.0
Kajiado,2025,m,00,22525.0
Kajiado,2025,m,01,86086.0
Kajiado,2025,m,05,92923.0
Kajiado,2025,m,10,78895.0
Kajiado,2025,m,15,70893.0
Kajiado,2025,m,20,83225.0
Kajiado,2025,m,25,81546.0
Kajiado,2025,m,30,68963.0
Kajiado,2025,m,35,59478.0
Kajiado,2025,m,40,43162.0
Kajiado,2025,m,45,34006.0
Kajiado,2025,m,50,25444.0
Kajiado,2025,m,55,15954.0
Kajiado,2025,m,60,9896.0
Kajiado,2025,m,65,5553.0
Kajiado,2025,m,70,3132.0
Kajiado,2025,m,75,1986.0
Kajiado,2025,m,80,827.0
Kajiado,2025,m,85,348.0
Kajiado,2025,m,90,189.0
Kakamega,2025,f,00,21695.0
Kakamega,2025,f,01,82928.0
Kakamega,2025,f,05,115517.0
Kakamega,2025,f,10,124921.0
Kakamega,2025,f,15,117200.0
Kakamega,2025,f,20,75597.0
Kakamega,2025,f,25,60298.0
Kakamega,2025,f,30,57809.0
Kakamega,2025,f,35,46466.0
Kakamega,2025,f,40,43013.0
Kakamega,2025,f,45,34489.0
Kakamega,2025,f,50,33119.0
Kakamega,2025,f,55,27887.0
Kakamega,2025,f,60,22319.0
Kakamega,2025,f,65,15272.0
Kakamega,2025,f,70,8697.0
Kakamega,2025,f,75,6545.0
Kakamega,2025,f,80,3605.0
Kakamega,2025,f,85,1481.0
Kakamega,2025,f,90,700.0
Kakamega,2025,m,00,21581.0
Kakamega,2025,m,01,82484.0
Kakamega,2025,m,05,115072.0
Kakamega,2025,m,10,121788.0
Kakamega,2025,m,15,115042.0
Kakamega,2025,m,20,72310.0
Kakamega,2025,m,25,49259.0
Kakamega,2025,m,30,46713.0
Kakamega,2025,m,35,43936.0
Kakamega,2025,m,40,38370.0
Kakamega,2025,m,45,30741.0
Kakamega,2025,m,50,26292.0
Kakamega,2025,m,55,22878.0
Kakamega,2025,m,60,18055.0
Kakamega,2025,m,65,11854.0
Kakamega,2025,m,70,6836.0
Kakamega,2025,m,75,4788.0
Kakamega,2025,m,80,2098.0
Kakamega,2025,m,85,850.0
Kakamega,2025,m,90,432.0
Kericho,2025,f,00,12533.0
Kericho,2025,f,01,47906.0
Kericho,2025,f,05,60665.0
Kericho,2025,f,10,64994.0
Kericho,2025,f,15,63276.0
Kericho,2025,f,20,50970.0
Kericho,2025,f,25,42736.0
Kericho,2025,f,30,38333.0
Kericho,2025,f,35,26257.0
Kericho,2025,f,40,23706.0
Kericho,2025,f,45,21030.0
Kericho,2025,f,50,14457.0
Kericho,2025,f,55,13335.0
Kericho,2025,f,60,9631.0
Kericho,2025,f,65,6342.0
Kericho,2025,f,70,3683.0
Kericho,2025,f,75,2387.0
Kericho,2025,f,80,1608.0
Kericho,2025,f,85,980.0
Kericho,2025,f,90,613.0
Kericho,2025,m,00,12867.0
Kericho,2025,m,01,49178.0
Kericho,2025,m,05,62009.0
Kericho,2025,m,10,64728.0
Kericho,2025,m,15,63515.0
Kericho,2025,m,20,50498.0
Kericho,2025,m,25,40903.0
Kericho,2025,m,30,36618.0
Kericho,2025,m,35,31489.0
Kericho,2025,m,40,26178.0
Kericho,2025,m,45,21946.0
Kericho,2025,m,50,14380.0
Kericho,2025,m,55,12385.0
Kericho,2025,m,60,8943.0
Kericho,2025,m,65,6168.0
Kericho,2025,m,70,3655.0
Kericho,2025,m,75,2135.0
Kericho,2025,m,80,918.0
Kericho,2025,m,85,425.0
Kericho,2025,m,90,252.0
Kiambu,2025,f,00,36037.0
Kiambu,2025,f,01,137748.0
Kiambu,2025,f,05,140509.0
Kiambu,2025,f,10,130574.0
Kiambu,2025,f,15,148387.0
Kiambu,2025,f,20,192105.0
Kiambu,2025,f,25,169291.0
Kiambu,2025,f,30,140330.0
Kiambu,2025,f,35,133797.0
Kiambu,2025,f,40,97667.0
Kiambu,2025,f,45,75971.0
Kiambu,2025,f,50,60533.0
Kiambu,2025,f,55,40800.0
Kiambu,2025,f,60,24737.0
Kiambu,2025,f,65,17334.0
Kiambu,2025,f,70,10844.0
Kiambu,2025,f,75,7964.0
Kiambu,2025,f,80,5054.0
Kiambu,2025,f,85,2539.0
Kiambu,2025,f,90,1327.0
Kiambu,2025,m,00,36795.0
Kiambu,2025,m,01,140630.0
Kiambu,2025,m,05,140990.0
Kiambu,2025,m,10,127787.0
Kiambu,2025,m,15,132284.0
Kiambu,2025,m,20,174933.0
Kiambu,2025,m,25,165466.0
Kiambu,2025,m,30,141763.0
Kiambu,2025,m,35,129233.0
Kiambu,2025,m,40,100763.0
Kiambu,2025,m,45,80078.0
Kiambu,2025,m,50,62596.0
Kiambu,2025,m,55,43096.0
Kiambu,2025,m,60,24693.0
Kiambu,2025,m,65,15512.0
Kiambu,2025,m,70,8959.0
Kiambu,2025,m,75,5487.0
Kiambu,2025,m,80,2244.0
Kiambu,2025,m,85,921.0
Kiambu,2025,m,90,486.0
Kilifi,2025,f,00,24521.0
Kilifi,2025,f,01,93730.0
Kilifi,2025,f,05,112683.0
Kilifi,2025,f,10,112521.0
Kilifi,2025,f,15,108597.0
Kilifi,2025,f,20,87709.0
Kilifi,2025,f,25,72725.0
Kilifi,2025,f,30,60822.0
Kilifi,2025,f,35,45131.0
Kilifi,2025,f,40,45043.0
Kilifi,2025,f,45,30772.0
Kilifi,2025,f,50,26660.0
Kilifi,2025,f,55,21094.0
Kilifi,2025,f,60,22455.0
Kilifi,2025,f,65,13182.0
Kilifi,2025,f,70,7816.0
Kilifi,2025,f,75,4973.0
Kilifi,2025,f,80,2717.0
Kilifi,2025,f,85,1362.0
Kilifi,2025,f,90,720.0
Kilifi,2025,m,00,24924.0
Kilifi,2025,m,01,95260.0
Kilifi,2025,m,05,114256.0
Kilifi,2025,m,10,111788.0
Kilifi,2025,m,15,108434.0
Kilifi,2025,m,20,84350.0
Kilifi,2025,m,25,64265.0
Kilifi,2025,m,30,49374.0
Kilifi,2025,m,35,42411.0
Kilifi,2025,m,40,38251.0
Kilifi,2025,m,45,31508.0
Kilifi,2025,m,50,25168.0
Kilifi,2025,m,55,19114.0
Kilifi,2025,m,60,14475.0
Kilifi,2025,m,65,10590.0
Kilifi,2025,m,70,5408.0
Kilifi,2025,m,75,4008.0
Kilifi,2025,m,80,1603.0
Kilifi,2025,m,85,524.0
Kilifi,2025,m,90,236.0
Kirinyaga,2025,f,00,9134.0
Kirinyaga,2025,f,01,34915.0
Kirinyaga,2025,f,05,40496.0
Kirinyaga,2025,f,10,43178.0
Kirinyaga,2025,f,15,47103.0
Kirinyaga,2025,f,20,37285.0
Kirinyaga,2025,f,25,32795.0
Kirinyaga,2025,f,30,37153.0
Kirinyaga,2025,f,35,44588.0
Kirinyaga,2025,f,40,37111.0
Kirinyaga,2025,f,45,31631.0
Kirinyaga,2025,f,50,28878.0
Kirinyaga,2025,f,55,22601.0
Kirinyaga,2025,f,60,13882.0
Kirinyaga,2025,f,65,10898.0
Kirinyaga,2025,f,70,7325.0
Kirinyaga,2025,f,75,4413.0
Kirinyaga,2025,f,80,3231.0
Kirinyaga,2025,f,85,2287.0
Kirinyaga,2025,f,90,1371.0
Kirinyaga,2025,m,00,9182.0
Kirinyaga,2025,m,01,35095.0
Kirinyaga,2025,m,05,40703.0
Kirinyaga,2025,m,10,43079.0
Kirinyaga,2025,m,15,47835.0
Kirinyaga,2025,m,20,39582.0
Kirinyaga,2025,m,25,33102.0
Kirinyaga,2025,m,30,36957.0
Kirinyaga,2025,m,35,43292.0
Kirinyaga,2025,m,40,37051.0
Kirinyaga,2025,m,45,31390.0
Kirinyaga,2025,m,50,28139.0
Kirinyaga,2025,m,55,22104.0
Kirinyaga,2025,m,60,13497.0
Kirinyaga,2025,m,65,9335.0
Kirinyaga,2025,m,70,5222.0
Kirinyaga,2025,m,75,3329.0
Kirinyaga,2025,m,80,1567.0
Kirinyaga,2025,m,85,728.0
Kirinyaga,2025,m,90,408.0
Kisii,2025,f,00,15891.0
Kisii,2025,f,01,60742.0
Kisii,2025,f,05,85117.0
Kisii,2025,f,10,95731.0
Kisii,2025,f,15,86553.0
Kisii,2025,f,20,62884.0
Kisii,2025,f,25,56124.0
Kisii,2025,f,30,54836.0
Kisii,2025,f,35,38476.0
Kisii,2025,f,40,32433.0
Kisii,2025,f,45,32061.0
Kisii,2025,f,50,19677.0
Kisii,2025,f,55,24538.0
Kisii,2025,f,60,18965.0
Kisii,2025,f,65,12157.0
Kisii,2025,f,70,6825.0
Kisii,2025,f,75,4024.0
Kisii,2025,f,80,2567.0
Kisii,2025,f,85,1545.0
Kisii,2025,f,90,954.0
Kisii,2025,m,00,16012.0
Kisii,2025,m,01,61198.0
Kisii,2025,m,05,85394.0
Kisii,2025,m,10,95467.0
Kisii,2025,m,15,84257.0
Kisii,2025,m,20,54833.0
Kisii,2025,m,25,44270.0
Kisii,2025,m,30,41789.0
Kisii,2025,m,35,37143.0
Kisii,2025,m,40,31653.0
Kisii,2025,m,45,25290.0
Kisii,2025,m,50,19311.0
Kisii,2025,m,55,21462.0
Kisii,2025,m,60,15742.0
Kisii,2025,m,65,9515.0
Kisii,2025,m,70,5248.0
Kisii,2025,m,75,3405.0
Kisii,2025,m,80,1547.0
Kisii,2025,m,85,701.0
Kisii,2025,m,90,409.0
Kisumu,2025,f,00,17085.0
Kisumu,2025,f,01,65306.0
Kisumu,2025,f,05,80107.0
Kisumu,2025,f,10,88594.0
Kisumu,2025,f,15,86150.0
Kisumu,2025,f,20,73873.0
Kisumu,2025,f,25,61363.0
Kisumu,2025,f,30,52340.0
Kisumu,2025,f,35,39956.0
Kisumu,2025,f,40,30981.0
Kisumu,2025,f,45,22085.0
Kisumu,2025,f,50,20880.0
Kisumu,2025,f,55,18509.0
Kisumu,2025,f,60,15155.0
Kisumu,2025,f,65,10598.0
Kisumu,2025,f,70,6200.0
Kisumu,2025,f,75,4019.0
Kisumu,2025,f,80,2265.0
Kisumu,2025,f,85,1087.0
Kisumu,2025,f,90,578.0
Kisumu,2025,m,00,17037.0
Kisumu,2025,m,01,65115.0
Kisumu,2025,m,05,80086.0
Kisumu,2025,m,10,86705.0
Kisumu,2025,m,15,81030.0
Kisumu,2025,m,20,66097.0
Kisumu,2025,m,25,54140.0
Kisumu,2025,m,30,48777.0
Kisumu,2025,m,35,44575.0
Kisumu,2025,m,40,34503.0
Kisumu,2025,m,45,23377.0
Kisumu,2025,m,50,18059.0
Kisumu,2025,m,55,14766.0
Kisumu,2025,m,60,11589.0
Kisumu,2025,m,65,7981.0
Kisumu,2025,m,70,4655.0
Kisumu,2025,m,75,2886.0
Kisumu,2025,m,80,1200.0
Kisumu,2025,m,85,507.0
Kisumu,2025,m,90,280.0
Kitui,2025,f,00,14116.0
Kitui,2025,f,01,53959.0
Kitui,2025,f,05,72315.0
Kitui,2025,f,10,86116.0
Kitui,2025,f,15,85865.0
Kitui,2025,f,20,51398.0
Kitui,2025,f,25,39699.0
Kitui,2025,f,30,39442.0
Kitui,2025,f,35,39092.0
Kitui,2025,f,40,33819.0
Kitui,2025,f,45,31908.0
Kitui,2025,f,50,24621.0
Kitui,2025,f,55,19479.0
Kitui,2025,f,60,15781.0
Kitui,2025,f,65,13086.0
Kitui,2025,f,70,9538.0
Kitui,2025,f,75,5568.0
Kitui,2025,f,80,3655.0
Kitui,2025,f,85,2549.0
Kitui,2025,f,90,1815.0
Kitui,2025,m,00,14416.0
Kitui,2025,m,01,55099.0
Kitui,2025,m,05,73995.0
Kitui,2025,m,10,87297.0
Kitui,2025,m,15,88007.0
Kitui,2025,m,20,52361.0
Kitui,2025,m,25,35621.0
Kitui,2025,m,30,32871.0
Kitui,2025,m,35,32215.0
Kitui,2025,m,40,28637.0
Kitui,2025,m,45,26059.0
Kitui,2025,m,50,20615.0
Kitui,2025,m,55,16764.0
Kitui,2025,m,60,13171.0
Kitui,2025,m,65,10042.0
Kitui,2025,m,70,5950.0
Kitui,2025,m,75,4530.0
Kitui,2025,m,80,2384.0
Kitui,2025,m,85,1144.0
Kitui,2025,m,90,684.0
Kwale,2025,f,00,16273.0
Kwale,2025,f,01,62203.0
Kwale,2025,f,05,73291.0
Kwale,2025,f,10,69394.0
Kwale,2025,f,15,62278.0
Kwale,2025,f,20,48732.0
Kwale,2025,f,25,42046.0
Kwale,2025,f,30,35091.0
Kwale,2025,f,35,29177.0
Kwale,2025,f,40,26537.0
Kwale,2025,f,45,19049.0
Kwale,2025,f,50,13137.0
Kwale,2025,f,55,11247.0
Kwale,2025,f,60,12110.0
Kwale,2025,f,65,7807.0
Kwale,2025,f,70,4751.0
Kwale,2025,f,75,2438.0
Kwale,2025,f,80,1360.0
Kwale,2025,f,85,828.0
Kwale,2025,f,90,516.0
Kwale,2025,m,00,16566.0
Kwale,2025,m,01,63313.0
Kwale,2025,m,05,75220.0
Kwale,2025,m,10,69937.0
Kwale,2025,m,15,62797.0
Kwale,2025,m,20,44211.0
Kwale,2025,m,25,35901.0
Kwale,2025,m,30,29867.0
Kwale,2025,m,35,26740.0
Kwale,2025,m,40,24258.0
Kwale,2025,m,45,19765.0
Kwale,2025,m,50,15455.0
Kwale,2025,m,55,11702.0
Kwale,2025,m,60,9545.0
Kwale,2025,m,65,6875.0
Kwale,2025,m,70,3594.0
Kwale,2025,m,75,2500.0
Kwale,2025,m,80,1048.0
Kwale,2025,m,85,379.0
Kwale,2025,m,90,173.0
Laikipia,2025,f,00,7888.0
Laikipia,2025,f,01,30153.0
Laikipia,2025,f,05,34759.0
Laikipia,2025,f,10,34587.0
Laikipia,2025,f,15,33997.0
Laikipia,2025,f,20,26777.0
Laikipia,2025,f,25,22197.0
Laikipia,2025,f,30,21069.0
Laikipia,2025,f,35,20188.0
Laikipia,2025,f,40,16912.0
Laikipia,2025,f,45,14440.0
Laikipia,2025,f,50,13051.0
Laikipia,2025,f,55,10058.0
Laikipia,2025,f,60,6879.0
Laikipia,2025,f,65,5089.0
Laikipia,2025,f,70,3328.0
Laikipia,2025,f,75,2326.0
Laikipia,2025,f,80,1284.0
Laikipia,2025,f,85,584.0
Laikipia,2025,f,90,321.0
Laikipia,2025,m,00,8134.0
Laikipia,2025,m,01,31086.0
Laikipia,2025,m,05,35596.0
Laikipia,2025,m,10,35885.0
Laikipia,2025,m,15,35805.0
Laikipia,2025,m,20,27241.0
Laikipia,2025,m,25,21992.0
Laikipia,2025,m,30,20645.0
Laikipia,2025,m,35,20585.0
Laikipia,2025,m,40,17443.0
Laikipia,2025,m,45,14496.0
Laikipia,2025,m,50,12620.0
Laikipia,2025,m,55,9727.0
Laikipia,2025,m,60,6246.0
Laikipia,2025,m,65,4338.0
Laikipia,2025,m,70,2868.0
Laikipia,2025,m,75,2001.0
Laikipia,2025,m,80,833.0
Laikipia,2025,m,85,325.0
Laikipia,2025,m,90,163.0
Lamu,2025,f,00,2365.0
Lamu,2025,f,01,9040.0
Lamu,2025,f,05,10720.0
Lamu,2025,f,10,10336.0
Lamu,2025,f,15,9652.0
Lamu,2025,f,20,7731.0
Lamu,2025,f,25,6377.0
Lamu,2025,f,30,5717.0
Lamu,2025,f,35,5168.0
Lamu,2025,f,40,4425.0
Lamu,2025,f,45,3657.0
Lamu,2025,f,50,2873.0
Lamu,2025,f,55,2466.0
Lamu,2025,f,60,1891.0
Lamu,2025,f,65,1267.0
Lamu,2025,f,70,751.0
Lamu,2025,f,75,392.0
Lamu,2025,f,80,206.0
Lamu,2025,f,85,116.0
Lamu,2025,f,90,90.0
Lamu,2025,m,00,2499.0
Lamu,2025,m,01,9551.0
Lamu,2025,m,05,11069.0
Lamu,2025,m,10,10778.0
Lamu,2025,m,15,10378.0
Lamu,2025,m,20,9813.0
Lamu,2025,m,25,8459.0
Lamu,2025,m,30,6976.0
Lamu,2025,m,35,6062.0
Lamu,2025,m,40,5302.0
Lamu,2025,m,45,4454.0
Lamu,2025,m,50,3475.0
Lamu,2025,m,55,2714.0
Lamu,2025,m,60,1966.0
Lamu,2025,m,65,1307.0
Lamu,2025,m,70,763.0
Lamu,2025,m,75,480.0
Lamu,2025,m,80,183.0
Lamu,2025,m,85,68.0
Lamu,2025,m,90,35.0
Machakos,2025,f,00,18497.0
Machakos,2025,f,01,70704.0
Machakos,2025,f,05,82526.0
Machakos,2025,f,10,88750.0
Machakos,2025,f,15,91290.0
Machakos,2025,f,20,86372.0
Machakos,2025,f,25,76129.0
Machakos,2025,f,30,68249.0
Machakos,2025,f,35,67621.0
Machakos,2025,f,40,53812.0
Machakos,2025,f,45,41539.0
Machakos,2025,f,50,33733.0
Machakos,2025,f,55,27523.0
Machakos,2025,f,60,22046.0
Machakos,2025,f,65,16138.0
Machakos,2025,f,70,9071.0
Machakos,2025,f,75,6302.0
Machakos,2025,f,80,4526.0
Machakos,2025,f,85,2671.0
Machakos,2025,f,90,1485.0
Machakos,2025,m,00,18948.0
Machakos,2025,m,01,72417.0
Machakos,2025,m,05,85039.0
Machakos,2025,m,10,89479.0
Machakos,2025,m,15,91792.0
Machakos,2025,m,20,89742.0
Machakos,2025,m,25,78392.0
Machakos,2025,m,30,71137.0
Machakos,2025,m,35,69379.0
Machakos,2025,m,40,56313.0
Machakos,2025,m,45,45479.0
Machakos,2025,m,50,34346.0
Machakos,2025,m,55,27390.0
Machakos,2025,m,60,21309.0
Machakos,2025,m,65,13129.0
Machakos,2025,m,70,6854.0
Machakos,2025,m,75,4264.0
Machakos,2025,m,80,2198.0
Machakos,2025,m,85,1188.0
Machakos,2025,m,90,705.0
Makueni,2025,f,00,10742.0
Makueni,2025,f,01,41062.0
Makueni,2025,f,05,55335.0
Makueni,2025,f,10,67452.0
Makueni,2025,f,15,68669.0
Makueni,2025,f,20,43203.0
Makueni,2025,f,25,36170.0
Makueni,2025,f,30,35537.0
Makueni,2025,f,35,36235.0
Makueni,2025,f,40,30851.0
Makueni,2025,f,45,30035.0
Makueni,2025,f,50,22308.0
Makueni,2025,f,55,18920.0
Makueni,2025,f,60,16562.0
Makueni,2025,f,65,13325.0
Makueni,2025,f,70,7816.0
Makueni,2025,f,75,5227.0
Makueni,2025,f,80,3763.0
Makueni,2025,f,85,2297.0
Makueni,2025,f,90,1265.0
Makueni,2025,m,00,11049.0
Makueni,2025,m,01,42229.0
Makueni,2025,m,05,57195.0
Makueni,2025,m,10,68328.0
Makueni,2025,m,15,72493.0
Makueni,2025,m,20,50069.0
Makueni,2025,m,25,37444.0
Makueni,2025,m,30,34549.0
Makueni,2025,m,35,34703.0
Makueni,2025,m,40,29827.0
Makueni,2025,m,45,26926.0
Makueni,2025,m,50,21017.0
Makueni,2025,m,55,16914.0
Makueni,2025,m,60,14221.0
Makueni,2025,m,65,10172.0
Makueni,2025,m,70,5688.0
Makueni,2025,m,75,3736.0
Makueni,2025,m,80,1940.0
Makueni,2025,m,85,1027.0
Makueni,2025,m,90,631.0
Mandera,2025,f,00,20930.0
Mandera,2025,f,01,79989.0
Mandera,2025,f,05,93962.0
Mandera,2025,f,10,76343.0
Mandera,2025,f,15,62332.0
Mandera,2025,f,20,44185.0
Mandera,2025,f,25,33563.0
Mandera,2025,f,30,25037.0
Mandera,2025,f,35,20807.0
Mandera,2025,f,40,16315.0
Mandera,2025,f,45,8742.0
Mandera,2025,f,50,7567.0
Mandera,2025,f,55,4277.0
Mandera,2025,f,60,3970.0
Mandera,2025,f,65,1777.0
Mandera,2025,f,70,1569.0
Mandera,2025,f,75,597.0
Mandera,2025,f,80,323.0
Mandera,2025,f,85,358.0
Mandera,2025,f,90,428.0
Mandera,2025,m,00,18134.0
Mandera,2025,m,01,69291.0
Mandera,2025,m,05,85372.0
Mandera,2025,m,10,83668.0
Mandera,2025,m,15,72390.0
Mandera,2025,m,20,46623.0
Mandera,2025,m,25,32458.0
Mandera,2025,m,30,25649.0
Mandera,2025,m,35,18443.0
Mandera,2025,m,40,18592.0
Mandera,2025,m,45,10696.0
Mandera,2025,m,50,10109.0
Mandera,2025,m,55,5589.0
Mandera,2025,m,60,5622.0
Mandera,2025,m,65,2464.0
Mandera,2025,m,70,1825.0
Mandera,2025,m,75,1091.0
Mandera,2025,m,80,506.0
Mandera,2025,m,85,329.0
Mandera,2025,m,90,258.0
Marsabit,2025,f,00,8950.0
Marsabit,2025,f,01,34213.0
Marsabit,2025,f,05,43973.0
Marsabit,2025,f,10,39717.0
Marsabit,2025,f,15,34444.0
Marsabit,2025,f,20,26799.0
Marsabit,2025,f,25,20948.0
Marsabit,2025,f,30,15956.0
Marsabit,2025,f,35,12120.0
Marsabit,2025,f,40,9848.0
Marsabit,2025,f,45,7761.0
Marsabit,2025,f,50,7240.0
Marsabit,2025,f,55,4899.0
Marsabit,2025,f,60,4242.0
Marsabit,2025,f,65,2457.0
Marsabit,2025,f,70,2098.0
Marsabit,2025,f,75,891.0
Marsabit,2025,f,80,500.0
Marsabit,2025,f,85,475.0
Marsabit,2025,f,90,486.0
Marsabit,2025,m,00,9319.0
Marsabit,2025,m,01,35617.0
Marsabit,2025,m,05,45601.0
Marsabit,2025,m,10,44560.0
Marsabit,2025,m,15,43805.0
Marsabit,2025,m,20,32930.0
Marsabit,2025,m,25,25355.0
Marsabit,2025,m,30,19096.0
Marsabit,2025,m,35,14136.0
Marsabit,2025,m,40,12490.0
Marsabit,2025,m,45,8629.0
Marsabit,2025,m,50,8136.0
Marsabit,2025,m,55,5284.0
Marsabit,2025,m,60,4736.0
Marsabit,2025,m,65,2534.0
Marsabit,2025,m,70,2194.0
Marsabit,2025,m,75,1148.0
Marsabit,2025,m,80,518.0
Marsabit,2025,m,85,387.0
Marsabit,2025,m,90,325.0
Meru,2025,f,00,19185.0
Meru,2025,f,01,73335.0
Meru,2025,f,05,88260.0
Meru,2025,f,10,97461.0
Meru,2025,f,15,97916.0
Meru,2025,f,20,75490.0
Meru,2025,f,25,62217.0
Meru,2025,f,30,62219.0
Meru,2025,f,35,65037.0
Meru,2025,f,40,50355.0
Meru,2025,f,45,43584.0
Meru,2025,f,50,31619.0
Meru,2025,f,55,28704.0
Meru,2025,f,60,21663.0
Meru,2025,f,65,16235.0
Meru,2025,f,70,11076.0
Meru,2025,f,75,6214.0
Meru,2025,f,80,4209.0
Meru,2025,f,85,2880.0
Meru,2025,f,90,1690.0
Meru,2025,m,00,19413.0
Meru,2025,m,01,74198.0
Meru,2025,m,05,89422.0
Meru,2025,m,10,97057.0
Meru,2025,m,15,93755.0
Meru,2025,m,20,78812.0
Meru,2025,m,25,64541.0
Meru,2025,m,30,62163.0
Meru,2025,m,35,65757.0
Meru,2025,m,40,53974.0
Meru,2025,m,45,42858.0
Meru,2025,m,50,32344.0
Meru,2025,m,55,27233.0
Meru,2025,m,60,19630.0
Meru,2025,m,65,13869.0
Meru,2025,m,70,8270.0
Meru,2025,m,75,5357.0
Meru,2025,m,80,2500.0
Meru,2025,m,85,1156.0
Meru,2025,m,90,632.0
Migori,2025,f,00,20101.0
Migori,2025,f,01,76831.0
Migori,2025,f,05,95651.0
Migori,2025,f,10,98878.0
Migori,2025,f,15,86932.0
Migori,2025,f,20,68077.0
Migori,2025,f,25,52788.0
Migori,2025,f,30,44802.0
Migori,2025,f,35,32126.0
Migori,2025,f,40,27309.0
Migori,2025,f,45,22742.0
Migori,2025,f,50,17836.0
Migori,2025,f,55,15613.0
Migori,2025,f,60,12331.0
Migori,2025,f,65,8660.0
Migori,2025,f,70,5108.0
Migori,2025,f,75,3418.0
Migori,2025,f,80,1979.0
Migori,2025,f,85,984.0
Migori,2025,f,90,574.0
Migori,2025,m,00,19952.0
Migori,2025,m,01,76251.0
Migori,2025,m,05,94993.0
Migori,2025,m,10,97036.0
Migori,2025,m,15,83439.0
Migori,2025,m,20,59574.0
Migori,2025,m,25,44802.0
Migori,2025,m,30,38421.0
Migori,2025,m,35,33273.0
Migori,2025,m,40,26485.0
Migori,2025,m,45,19744.0
Migori,2025,m,50,14566.0
Migori,2025,m,55,11819.0
Migori,2025,m,60,9187.0
Migori,2025,m,65,6000.0
Migori,2025,m,70,3487.0
Migori,2025,m,75,2392.0
Migori,2025,m,80,1084.0
Migori,2025,m,85,480.0
Migori,2025,m,90,279.0
Mombasa,2025,f,00,17916.0
Mombasa,2025,f,01,68483.0
Mombasa,2025,f,05,71758.0
Mombasa,2025,f,10,63175.0
Mombasa,2025,f,15,67773.0
Mombasa,2025,f,20,91981.0
Mombasa,2025,f,25,87054.0
Mombasa,2025,f,30,68067.0
Mombasa,2025,f,35,58009.0
Mombasa,2025,f,40,41888.0
Mombasa,2025,f,45,28916.0
Mombasa,2025,f,50,19707.0
Mombasa,2025,f,55,13474.0
Mombasa,2025,f,60,9128.0
Mombasa,2025,f,65,5489.0
Mombasa,2025,f,70,2876.0
Mombasa,2025,f,75,1553.0
Mombasa,2025,f,80,800.0
Mombasa,2025,f,85,403.0
Mombasa,2025,f,90,258.0
Mombasa,2025,m,00,18379.0
Mombasa,2025,m,01,70246.0
Mombasa,2025,m,05,70883.0
Mombasa,2025,m,10,61212.0
Mombasa,2025,m,15,58868.0
Mombasa,2025,m,20,83645.0
Mombasa,2025,m,25,86766.0
Mombasa,2025,m,30,72388.0
Mombasa,2025,m,35,63537.0
Mombasa,2025,m,40,52003.0
Mombasa,2025,m,45,39888.0
Mombasa,2025,m,50,27822.0
Mombasa,2025,m,55,18254.0
Mombasa,2025,m,60,10576.0
Mombasa,2025,m,65,5671.0
Mombasa,2025,m,70,2572.0
Mombasa,2025,m,75,1500.0
Mombasa,2025,m,80,500.0
Mombasa,2025,m,85,158.0
Mombasa,2025,m,90,75.0
Murang'a,2025,f,00,12054.0
Murang'a,2025,f,01,46077.0
Murang'a,2025,f,05,55855.0
Murang'a,2025,f,10,56671.0
Murang'a,2025,f,15,57282.0
Murang'a,2025,f,20,40787.0
Murang'a,2025,f,25,35277.0
Murang'a,2025,f,30,36510.0
Murang'a,2025,f,35,42936.0
Murang'a,2025,f,40,37038.0
Murang'a,2025,f,45,34255.0
Murang'a,2025,f,50,31096.0
Murang'a,2025,f,55,26270.0
Murang'a,2025,f,60,18071.0
Murang'a,2025,f,65,15188.0
Murang'a,2025,f,70,10498.0
Murang'a,2025,f,75,8186.0
Murang'a,2025,f,80,5434.0
Murang'a,2025,f,85,2661.0
Murang'a,2025,f,90,1178.0
Murang'a,2025,m,00,12320.0
Murang'a,2025,m,01,47085.0
Murang'a,2025,m,05,56815.0
Murang'a,2025,m,10,58198.0
Murang'a,2025,m,15,61474.0
Murang'a,2025,m,20,45236.0
Murang'a,2025,m,25,35473.0
Murang'a,2025,m,30,37454.0
Murang'a,2025,m,35,41631.0
Murang'a,2025,m,40,37390.0
Murang'a,2025,m,45,33354.0
Murang'a,2025,m,50,28270.0
Murang'a,2025,m,55,23900.0
Murang'a,2025,m,60,16334.0
Murang'a,2025,m,65,12850.0
Murang'a,2025,m,70,8528.0
Murang'a,2025,m,75,5698.0
Murang'a,2025,m,80,2497.0
Murang'a,2025,m,85,1041.0
Murang'a,2025,m,90,501.0
Nairobi,2025,f,00,68831.0
Nairobi,2025,f,01,263104.0
Nairobi,2025,f,05,257494.0
Nairobi,2025,f,10,226289.0
Nairobi,2025,f,15,263468.0
Nairobi,2025,f,20,404870.0
Nairobi,2025,f,25,384199.0
Nairobi,2025,f,30,293882.0
Nairobi,2025,f,35,243729.0
Nairobi,2025,f,40,161447.0
Nairobi,2025,f,45,107294.0
Nairobi,2025,f,50,74697.0
Nairobi,2025,f,55,45223.0
Nairobi,2025,f,60,25489.0
Nairobi,2025,f,65,14488.0
Nairobi,2025,f,70,7420.0
Nairobi,2025,f,75,4212.0
Nairobi,2025,f,80,2257.0
Nairobi,2025,f,85,1113.0
Nairobi,2025,f,90,653.0
Nairobi,2025,m,00,70165.0
Nairobi,2025,m,01,268168.0
Nairobi,2025,m,05,255129.0
Nairobi,2025,m,10,214047.0
Nairobi,2025,m,15,211759.0
Nairobi,2025,m,20,345858.0
Nairobi,2025,m,25,372989.0
Nairobi,2025,m,30,314079.0
Nairobi,2025,m,35,262807.0
Nairobi,2025,m,40,193032.0
Nairobi,2025,m,45,139933.0
Nairobi,2025,m,50,98949.0
Nairobi,2025,m,55,62588.0
Nairobi,2025,m,60,32191.0
Nairobi,2025,m,65,16335.0
Nairobi,2025,m,70,7447.0
Nairobi,2025,m,75,3950.0
Nairobi,2025,m,80,1356.0
Nairobi,2025,m,85,465.0
Nairobi,2025,m,90,224.0
Nakuru,2025,f,00,33759.0
Nakuru,2025,f,01,129041.0
Nakuru,2025,f,05,148233.0
Nakuru,2025,f,10,151313.0
Nakuru,2025,f,15,150795.0
Nakuru,2025,f,20,134647.0
Nakuru,2025,f,25,114304.0
Nakuru,2025,f,30,101496.0
Nakuru,2025,f,35,90741.0
Nakuru,2025,f,40,70166.0
Nakuru,2025,f,45,58505.0
Nakuru,2025,f,50,46344.0
Nakuru,2025,f,55,34259.0
Nakuru,2025,f,60,22135.0
Nakuru,2025,f,65,15406.0
Nakuru,2025,f,70,9467.0
Nakuru,2025,f,75,6806.0
Nakuru,2025,f,80,4045.0
Nakuru,2025,f,85,1897.0
Nakuru,2025,f,90,969.0
Nakuru,2025,m,00,34649.0
Nakuru,2025,m,01,132428.0
Nakuru,2025,m,05,151837.0
Nakuru,2025,m,10,151954.0
Nakuru,2025,m,15,151087.0
Nakuru,2025,m,20,138476.0
Nakuru,2025,m,25,109281.0
Nakuru,2025,m,30,97425.0
Nakuru,2025,m,35,90331.0
Nakuru,2025,m,40,74266.0
Nakuru,2025,m,45,60598.0
Nakuru,2025,m,50,46160.0
Nakuru,2025,m,55,34021.0
Nakuru,2025,m,60,21267.0
Nakuru,2025,m,65,14437.0
Nakuru,2025,m,70,8262.0
Nakuru,2025,m,75,5400.0
Nakuru,2025,m,80,2312.0
Nakuru,2025,m,85,933.0
Nakuru,2025,m,90,466.0
Nandi,2025,f,00,12267.0
Nandi,2025,f,01,46891.0
Nandi,2025,f,05,60105.0
Nandi,2025,f,10,64601.0
Nandi,2025,f,15,64663.0
Nandi,2025,f,20,47965.0
Nandi,2025,f,25,39187.0
Nandi,2025,f,30,36563.0
Nandi,2025,f,35,28279.0
Nandi,2025,f,40,25026.0
Nandi,2025,f,45,21850.0
Nandi,2025,f,50,16917.0
Nandi,2025,f,55,14016.0
Nandi,2025,f,60,9799.0
Nandi,2025,f,65,7140.0
Nandi,2025,f,70,4068.0
Nandi,2025,f,75,3060.0
Nandi,2025,f,80,1927.0
Nandi,2025,f,85,914.0
Nandi,2025,f,90,469.0
Nandi,2025,m,00,12473.0
Nandi,2025,m,01,47673.0
Nandi,2025,m,05,61093.0
Nandi,2025,m,10,65215.0
Nandi,2025,m,15,65265.0
Nandi,2025,m,20,49142.0
Nandi,2025,m,25,36774.0
Nandi,2025,m,30,34240.0
Nandi,2025,m,35,30948.0
Nandi,2025,m,40,26310.0
Nandi,2025,m,45,21889.0
Nandi,2025,m,50,16049.0
Nandi,2025,m,55,13080.0
Nandi,2025,m,60,9467.0
Nandi,2025,m,65,6199.0
Nandi,2025,m,70,3496.0
Nandi,2025,m,75,2833.0
Nandi,2025,m,80,1320.0
Nandi,2025,m,85,500.0
Nandi,2025,m,90,233.0
Narok,2025,f,00,24419.0
Narok,2025,f,01,93339.0
Narok,2025,f,05,115692.0
Narok,2025,f,10,103602.0
Narok,2025,f,15,82830.0
Narok,2025,f,20,69822.0
Narok,2025,f,25,56697.0
Narok,2025,f,30,46162.0
Narok,2025,f,35,34689.0
Narok,2025,f,40,29656.0
Narok,2025,f,45,24599.0
Narok,2025,f,50,18206.0
Narok,2025,f,55,14014.0
Narok,2025,f,60,10327.0
Narok,2025,f,65,6054.0
Narok,2025,f,70,4096.0
Narok,2025,f,75,2432.0
Narok,2025,f,80,1450.0
Narok,2025,f,85,887.0
Narok,2025,f,90,562.0
Narok,2025,m,00,24826.0
Narok,2025,m,01,94883.0
Narok,2025,m,05,118280.0
Narok,2025,m,10,105578.0
Narok,2025,m,15,86870.0
Narok,2025,m,20,66862.0
Narok,2025,m,25,52073.0
Narok,2025,m,30,44810.0
Narok,2025,m,35,37623.0
Narok,2025,m,40,30570.0
Narok,2025,m,45,25415.0
Narok,2025,m,50,18438.0
Narok,2025,m,55,13038.0
Narok,2025,m,60,9412.0
Narok,2025,m,65,5968.0
Narok,2025,m,70,3516.0
Narok,2025,m,75,2466.0
Narok,2025,m,80,1091.0
Narok,2025,m,85,456.0
Narok,2025,m,90,244.0
Nyamira,2025,f,00,6939.0
Nyamira,2025,f,01,26524.0
Nyamira,2025,f,05,37631.0
Nyamira,2025,f,10,43997.0
Nyamira,2025,f,15,38843.0
Nyamira,2025,f,20,26120.0
Nyamira,2025,f,25,25181.0
Nyamira,2025,f,30,26088.0
Nyamira,2025,f,35,18799.0
Nyamira,2025,f,40,16944.0
Nyamira,2025,f,45,15300.0
Nyamira,2025,f,50,10076.0
Nyamira,2025,f,55,11767.0
Nyamira,2025,f,60,9012.0
Nyamira,2025,f,65,5762.0
Nyamira,2025,f,70,3524.0
Nyamira,2025,f,75,2034.0
Nyamira,2025,f,80,1253.0
Nyamira,2025,f,85,756.0
Nyamira,2025,f,90,462.0
Nyamira,2025,m,00,6974.0
Nyamira,2025,m,01,26655.0
Nyamira,2025,m,05,38134.0
Nyamira,2025,m,10,44387.0
Nyamira,2025,m,15,38306.0
Nyamira,2025,m,20,23091.0
Nyamira,2025,m,25,19087.0
Nyamira,2025,m,30,18965.0
Nyamira,2025,m,35,17848.0
Nyamira,2025,m,40,15823.0
Nyamira,2025,m,45,12912.0
Nyamira,2025,m,50,10102.0
Nyamira,2025,m,55,11169.0
Nyamira,2025,m,60,8291.0
Nyamira,2025,m,65,4816.0
Nyamira,2025,m,70,2843.0
Nyamira,2025,m,75,1843.0
Nyamira,2025,m,80,815.0
Nyamira,2025,m,85,369.0
Nyamira,2025,m,90,217.0
Nyandarua,2025,f,00,7552.0
Nyandarua,2025,f,01,28869.0
Nyandarua,2025,f,05,36020.0
Nyandarua,2025,f,10,39033.0
Nyandarua,2025,f,15,40650.0
Nyandarua,2025,f,20,26435.0
Nyandarua,2025,f,25,21443.0
Nyandarua,2025,f,30,22330.0
Nyandarua,2025,f,35,25190.0
Nyandarua,2025,f,40,21477.0
Nyandarua,2025,f,45,20029.0
Nyandarua,2025,f,50,18129.0
Nyandarua,2025,f,55,13507.0
Nyandarua,2025,f,60,8147.0
Nyandarua,2025,f,65,5979.0
Nyandarua,2025,f,70,4261.0
Nyandarua,2025,f,75,3647.0
Nyandarua,2025,f,80,1978.0
Nyandarua,2025,f,85,768.0
Nyandarua,2025,f,90,362.0
Nyandarua,2025,m,00,7759.0
Nyandarua,2025,m,01,29655.0
Nyandarua,2025,m,05,37050.0
Nyandarua,2025,m,10,40794.0
Nyandarua,2025,m,15,43085.0
Nyandarua,2025,m,20,28594.0
Nyandarua,2025,m,25,20867.0
Nyandarua,2025,m,30,20746.0
Nyandarua,2025,m,35,22464.0
Nyandarua,2025,m,40,19662.0
Nyandarua,2025,m,45,17871.0
Nyandarua,2025,m,50,16072.0
Nyandarua,2025,m,55,12542.0
Nyandarua,2025,m,60,7596.0
Nyandarua,2025,m,65,5083.0
Nyandarua,2025,m,70,3203.0
Nyandarua,2025,m,75,2373.0
Nyandarua,2025,m,80,1087.0
Nyandarua,2025,m,85,457.0
Nyandarua,2025,m,90,247.0
Nyeri,2025,f,00,7804.0
Nyeri,2025,f,01,29829.0
Nyeri,2025,f,05,35993.0
Nyeri,2025,f,10,36200.0
Nyeri,2025,f,15,39552.0
Nyeri,2025,f,20,31717.0
Nyeri,2025,f,25,26614.0
Nyeri,2025,f,30,27945.0
Nyeri,2025,f,35,33004.0
Nyeri,2025,f,40,28252.0
Nyeri,2025,f,45,25820.0
Nyeri,2025,f,50,25615.0
Nyeri,2025,f,55,19223.0
Nyeri,2025,f,60,12432.0
Nyeri,2025,f,65,9460.0
Nyeri,2025,f,70,7116.0
Nyeri,2025,f,75,5537.0
Nyeri,2025,f,80,3386.0
Nyeri,2025,f,85,1649.0
Nyeri,2025,f,90,837.0
Nyeri,2025,m,00,8059.0
Nyeri,2025,m,01,30800.0
Nyeri,2025,m,05,36543.0
Nyeri,2025,m,10,37237.0
Nyeri,2025,m,15,41236.0
Nyeri,2025,m,20,34539.0
Nyeri,2025,m,25,26523.0
Nyeri,2025,m,30,27507.0
Nyeri,2025,m,35,30757.0
Nyeri,2025,m,40,27362.0
Nyeri,2025,m,45,24907.0
Nyeri,2025,m,50,23110.0
Nyeri,2025,m,55,18337.0
Nyeri,2025,m,60,11234.0
Nyeri,2025,m,65,8142.0
Nyeri,2025,m,70,5685.0
Nyeri,2025,m,75,3828.0
Nyeri,2025,m,80,1665.0
Nyeri,2025,m,85,724.0
Nyeri,2025,m,90,390.0
Samburu,2025,f,00,6469.0
Samburu,2025,f,01,24727.0
Samburu,2025,f,05,30146.0
Samburu,2025,f,10,26594.0
Samburu,2025,f,15,21842.0
Samburu,2025,f,20,18992.0
Samburu,2025,f,25,14334.0
Samburu,2025,f,30,10916.0
Samburu,2025,f,35,8024.0
Samburu,2025,f,40,6524.0
Samburu,2025,f,45,5998.0
Samburu,2025,f,50,4346.0
Samburu,2025,f,55,2979.0
Samburu,2025,f,60,3179.0
Samburu,2025,f,65,1880.0
Samburu,2025,f,70,1431.0
Samburu,2025,f,75,781.0
Samburu,2025,f,80,433.0
Samburu,2025,f,85,290.0
Samburu,2025,f,90,210.0
Samburu,2025,m,00,6571.0
Samburu,2025,m,01,25115.0
Samburu,2025,m,05,30897.0
Samburu,2025,m,10,28324.0
Samburu,2025,m,15,25902.0
Samburu,2025,m,20,19654.0
Samburu,2025,m,25,14295.0
Samburu,2025,m,30,10379.0
Samburu,2025,m,35,7587.0
Samburu,2025,m,40,7246.0
Samburu,2025,m,45,5643.0
Samburu,2025,m,50,3948.0
Samburu,2025,m,55,2956.0
Samburu,2025,m,60,2800.0
Samburu,2025,m,65,1436.0
Samburu,2025,m,70,1155.0
Samburu,2025,m,75,797.0
Samburu,2025,m,80,333.0
Samburu,2025,m,85,161.0
Samburu,2025,m,90,102.0
Siaya,2025,f,00,14491.0
Siaya,2025,f,01,55389.0
Siaya,2025,f,05,73960.0
Siaya,2025,f,10,79818.0
Siaya,2025,f,15,72016.0
Siaya,2025,f,20,51235.0
Siaya,2025,f,25,42267.0
Siaya,2025,f,30,39033.0
Siaya,2025,f,35,32070.0
Siaya,2025,f,40,26960.0
Siaya,2025,f,45,21641.0
Siaya,2025,f,50,22025.0
Siaya,2025,f,55,19836.0
Siaya,2025,f,60,17509.0
Siaya,2025,f,65,13571.0
Siaya,2025,f,70,8540.0
Siaya,2025,f,75,5817.0
Siaya,2025,f,80,3426.0
Siaya,2025,f,85,1656.0
Siaya,2025,f,90,814.0
Siaya,2025,m,00,14592.0
Siaya,2025,m,01,55772.0
Siaya,2025,m,05,73685.0
Siaya,2025,m,10,79869.0
Siaya,2025,m,15,71612.0
Siaya,2025,m,20,46732.0
Siaya,2025,m,25,34725.0
Siaya,2025,m,30,33342.0
Siaya,2025,m,35,31467.0
Siaya,2025,m,40,25294.0
Siaya,2025,m,45,18274.0
Siaya,2025,m,50,15597.0
Siaya,2025,m,55,13364.0
Siaya,2025,m,60,11259.0
Siaya,2025,m,65,8537.0
Siaya,2025,m,70,5318.0
Siaya,2025,m,75,3608.0
Siaya,2025,m,80,1643.0
Siaya,2025,m,85,727.0
Siaya,2025,m,90,392.0
TaitaTaveta,2025,f,00,4579.0
TaitaTaveta,2025,f,01,17502.0
TaitaTaveta,2025,f,05,19842.0
TaitaTaveta,2025,f,10,20762.0
TaitaTaveta,2025,f,15,20737.0
TaitaTaveta,2025,f,20,16974.0
TaitaTaveta,2025,f,25,14661.0
TaitaTaveta,2025,f,30,12970.0
TaitaTaveta,2025,f,35,13391.0
TaitaTaveta,2025,f,40,11018.0
TaitaTaveta,2025,f,45,9906.0
TaitaTaveta,2025,f,50,8269.0
TaitaTaveta,2025,f,55,7164.0
TaitaTaveta,2025,f,60,5509.0
TaitaTaveta,2025,f,65,3942.0
TaitaTaveta,2025,f,70,2404.0
TaitaTaveta,2025,f,75,1546.0
TaitaTaveta,2025,f,80,984.0
TaitaTaveta,2025,f,85,572.0
TaitaTaveta,2025,f,90,364.0
TaitaTaveta,2025,m,00,4626.0
TaitaTaveta,2025,m,01,17681.0
TaitaTaveta,2025,m,05,20021.0
TaitaTaveta,2025,m,10,21002.0
TaitaTaveta,2025,m,15,21351.0
TaitaTaveta,2025,m,20,18638.0
TaitaTaveta,2025,m,25,15886.0
TaitaTaveta,2025,m,30,14693.0
TaitaTaveta,2025,m,35,14991.0
TaitaTaveta,2025,m,40,12644.0
TaitaTaveta,2025,m,45,10876.0
TaitaTaveta,2025,m,50,9112.0
TaitaTaveta,2025,m,55,6988.0
TaitaTaveta,2025,m,60,5263.0
TaitaTaveta,2025,m,65,3611.0
TaitaTaveta,2025,m,70,1902.0
TaitaTaveta,2025,m,75,1326.0
TaitaTaveta,2025,m,80,576.0
TaitaTaveta,2025,m,85,223.0
TaitaTaveta,2025,m,90,112.0
TanaRiver,2025,f,00,11877.0
TanaRiver,2025,f,01,45400.0
TanaRiver,2025,f,05,54153.0
TanaRiver,2025,f,10,47832.0
TanaRiver,2025,f,15,39778.0
TanaRiver,2025,f,20,33515.0
TanaRiver,2025,f,25,27414.0
TanaRiver,2025,f,30,20320.0
TanaRiver,2025,f,35,18067.0
TanaRiver,2025,f,40,13913.0
TanaRiver,2025,f,45,11144.0
TanaRiver,2025,f,50,9207.0
TanaRiver,2025,f,55,6512.0
TanaRiver,2025,f,60,6114.0
TanaRiver,2025,f,65,3485.0
TanaRiver,2025,f,70,2406.0
TanaRiver,2025,f,75,1128.0
TanaRiver,2025,f,80,612.0
TanaRiver,2025,f,85,503.0
TanaRiver,2025,f,90,446.0
TanaRiver,2025,m,00,12694.0
TanaRiver,2025,m,01,48516.0
TanaRiver,2025,m,05,58553.0
TanaRiver,2025,m,10,51780.0
TanaRiver,2025,m,15,42813.0
TanaRiver,2025,m,20,34715.0
TanaRiver,2025,m,25,25256.0
TanaRiver,2025,m,30,19467.0
TanaRiver,2025,m,35,17804.0
TanaRiver,2025,m,40,15300.0
TanaRiver,2025,m,45,11753.0
TanaRiver,2025,m,50,10079.0
TanaRiver,2025,m,55,7378.0
TanaRiver,2025,m,60,6443.0
TanaRiver,2025,m,65,3279.0
TanaRiver,2025,m,70,2135.0
TanaRiver,2025,m,75,1362.0
TanaRiver,2025,m,80,593.0
TanaRiver,2025,m,85,326.0
TanaRiver,2025,m,90,220.0
Tharaka-Nithi,2025,f,00,3805.0
Tharaka-Nithi,2025,f,01,14546.0
Tharaka-Nithi,2025,f,05,18287.0
Tharaka-Nithi,2025,f,10,20125.0
Tharaka-Nithi,2025,f,15,20696.0
Tharaka-Nithi,2025,f,20,15059.0
Tharaka-Nithi,2025,f,25,12458.0
Tharaka-Nithi,2025,f,30,12382.0
Tharaka-Nithi,2025,f,35,12889.0
Tharaka-Nithi,2025,f,40,10516.0
Tharaka-Nithi,2025,f,45,10221.0
Tharaka-Nithi,2025,f,50,7434.0
Tharaka-Nithi,2025,f,55,6957.0
Tharaka-Nithi,2025,f,60,5297.0
Tharaka-Nithi,2025,f,65,4177.0
Tharaka-Nithi,2025,f,70,2858.0
Tharaka-Nithi,2025,f,75,1737.0
Tharaka-Nithi,2025,f,80,1168.0
Tharaka-Nithi,2025,f,85,761.0
Tharaka-Nithi,2025,f,90,473.0
Tharaka-Nithi,2025,m,00,3818.0
Tharaka-Nithi,2025,m,01,14592.0
Tharaka-Nithi,2025,m,05,18492.0
Tharaka-Nithi,2025,m,10,20224.0
Tharaka-Nithi,2025,m,15,20506.0
Tharaka-Nithi,2025,m,20,15337.0
Tharaka-Nithi,2025,m,25,12220.0
Tharaka-Nithi,2025,m,30,11898.0
Tharaka-Nithi,2025,m,35,12302.0
Tharaka-Nithi,2025,m,40,10621.0
Tharaka-Nithi,2025,m,45,9649.0
Tharaka-Nithi,2025,m,50,7495.0
Tharaka-Nithi,2025,m,55,6739.0
Tharaka-Nithi,2025,m,60,5126.0
Tharaka-Nithi,2025,m,65,3510.0
Tharaka-Nithi,2025,m,70,2107.0
Tharaka-Nithi,2025,m,75,1471.0
Tharaka-Nithi,2025,m,80,704.0
Tharaka-Nithi,2025,m,85,326.0
Tharaka-Nithi,2025,m,90,186.0
TransNzoia,2025,f,00,15099.0
TransNzoia,2025,f,01,57716.0
TransNzoia,2025,f,05,75002.0
TransNzoia,2025,f,10,77460.0
TransNzoia,2025,f,15,74011.0
TransNzoia,2025,f,20,51661.0
TransNzoia,2025,f,25,41254.0
TransNzoia,2025,f,30,36556.0
TransNzoia,2025,f,35,30922.0
TransNzoia,2025,f,40,28028.0
TransNzoia,2025,f,45,21812.0
TransNzoia,2025,f,50,18759.0
TransNzoia,2025,f,55,15517.0
TransNzoia,2025,f,60,10982.0
TransNzoia,2025,f,65,7134.0
TransNzoia,2025,f,70,4122.0
TransNzoia,2025,f,75,2867.0
TransNzoia,2025,f,80,1684.0
TransNzoia,2025,f,85,799.0
TransNzoia,2025,f,90,414.0
TransNzoia,2025,m,00,15447.0
TransNzoia,2025,m,01,59037.0
TransNzoia,2025,m,05,75473.0
TransNzoia,2025,m,10,77725.0
TransNzoia,2025,m,15,75274.0
TransNzoia,2025,m,20,51436.0
TransNzoia,2025,m,25,37622.0
TransNzoia,2025,m,30,33862.0
TransNzoia,2025,m,35,31097.0
TransNzoia,2025,m,40,26965.0
TransNzoia,2025,m,45,21073.0
TransNzoia,2025,m,50,16868.0
TransNzoia,2025,m,55,13843.0
TransNzoia,2025,m,60,10284.0
TransNzoia,2025,m,65,6355.0
TransNzoia,2025,m,70,3499.0
TransNzoia,2025,m,75,2406.0
TransNzoia,2025,m,80,1070.0
TransNzoia,2025,m,85,444.0
TransNzoia,2025,m,90,229.0
Turkana,2025,f,00,15531.0
Turkana,2025,f,01,59366.0
Turkana,2025,f,05,75807.0
Turkana,2025,f,10,71042.0
Turkana,2025,f,15,64751.0
Turkana,2025,f,20,51510.0
Turkana,2025,f,25,42745.0
Turkana,2025,f,30,31853.0
Turkana,2025,f,35,27782.0
Turkana,2025,f,40,21058.0
Turkana,2025,f,45,15496.0
Turkana,2025,f,50,12029.0
Turkana,2025,f,55,8308.0
Turkana,2025,f,60,7700.0
Turkana,2025,f,65,5152.0
Turkana,2025,f,70,3618.0
Turkana,2025,f,75,1968.0
Turkana,2025,f,80,913.0
Turkana,2025,f,85,457.0
Turkana,2025,f,90,300.0
Turkana,2025,m,00,15841.0
Turkana,2025,m,01,60545.0
Turkana,2025,m,05,79131.0
Turkana,2025,m,10,78637.0
Turkana,2025,m,15,80667.0
Turkana,2025,m,20,65130.0
Turkana,2025,m,25,46778.0
Turkana,2025,m,30,31960.0
Turkana,2025,m,35,25437.0
Turkana,2025,m,40,21113.0
Turkana,2025,m,45,15102.0
Turkana,2025,m,50,12110.0
Turkana,2025,m,55,7431.0
Turkana,2025,m,60,6414.0
Turkana,2025,m,65,3796.0
Turkana,2025,m,70,2588.0
Turkana,2025,m,75,1682.0
Turkana,2025,m,80,605.0
Turkana,2025,m,85,237.0
Turkana,2025,m,90,146.0
UasinGishu,2025,f,00,17216.0
UasinGishu,2025,f,01,65805.0
UasinGishu,2025,f,05,77178.0
UasinGishu,2025,f,10,80863.0
UasinGishu,2025,f,15,85121.0
UasinGishu,2025,f,20,80378.0
UasinGishu,2025,f,25,64403.0
UasinGishu,2025,f,30,53668.0
UasinGishu,2025,f,35,45677.0
UasinGishu,2025,f,40,36127.0
UasinGishu,2025,f,45,29456.0
UasinGishu,2025,f,50,21211.0
UasinGishu,2025,f,55,16724.0
UasinGishu,2025,f,60,10975.0
UasinGishu,2025,f,65,7448.0
UasinGishu,2025,f,70,4125.0
UasinGishu,2025,f,75,3205.0
UasinGishu,2025,f,80,1968.0
UasinGishu,2025,f,85,880.0
UasinGishu,2025,f,90,435.0
UasinGishu,2025,m,00,17447.0
UasinGishu,2025,m,01,66683.0
UasinGishu,2025,m,05,78741.0
UasinGishu,2025,m,10,79789.0
UasinGishu,2025,m,15,82356.0
UasinGishu,2025,m,20,80887.0
UasinGishu,2025,m,25,64532.0
UasinGishu,2025,m,30,53395.0
UasinGishu,2025,m,35,47843.0
UasinGishu,2025,m,40,38560.0
UasinGishu,2025,m,45,30994.0
UasinGishu,2025,m,50,22177.0
UasinGishu,2025,m,55,16533.0
UasinGishu,2025,m,60,10727.0
UasinGishu,2025,m,65,6729.0
UasinGishu,2025,m,70,3633.0
UasinGishu,2025,m,75,2713.0
UasinGishu,2025,m,80,1223.0
UasinGishu,2025,m,85,468.0
UasinGishu,2025,m,90,222.0
Vihiga,2025,f,00,6980.0
Vihiga,2025,f,01,26680.0
Vihiga,2025,f,05,37713.0
Vihiga,2025,f,10,42055.0
Vihiga,2025,f,15,40391.0
Vihiga,2025,f,20,23753.0
Vihiga,2025,f,25,18566.0
Vihiga,2025,f,30,18048.0
Vihiga,2025,f,35,17526.0
Vihiga,2025,f,40,15821.0
Vihiga,2025,f,45,13530.0
Vihiga,2025,f,50,13680.0
Vihiga,2025,f,55,12401.0
Vihiga,2025,f,60,10777.0
Vihiga,2025,f,65,8090.0
Vihiga,2025,f,70,4841.0
Vihiga,2025,f,75,3695.0
Vihiga,2025,f,80,2283.0
Vihiga,2025,f,85,1063.0
Vihiga,2025,f,90,516.0
Vihiga,2025,m,00,6919.0
Vihiga,2025,m,01,26443.0
Vihiga,2025,m,05,37359.0
Vihiga,2025,m,10,41395.0
Vihiga,2025,m,15,40304.0
Vihiga,2025,m,20,24113.0
Vihiga,2025,m,25,15879.0
Vihiga,2025,m,30,15355.0
Vihiga,2025,m,35,15659.0
Vihiga,2025,m,40,14017.0
Vihiga,2025,m,45,12058.0
Vihiga,2025,m,50,10848.0
Vihiga,2025,m,55,9708.0
Vihiga,2025,m,60,8698.0
Vihiga,2025,m,65,6552.0
Vihiga,2025,m,70,4027.0
Vihiga,2025,m,75,2849.0
Vihiga,2025,m,80,1279.0
Vihiga,2025,m,85,532.0
Vihiga,2025,m,90,271.0
Wajir,2025,f,00,14623.0
Wajir,2025,f,01,55896.0
Wajir,2025,f,05,71817.0
Wajir,2025,f,10,62951.0
Wajir,2025,f,15,52086.0
Wajir,2025,f,20,37794.0
Wajir,2025,f,25,33518.0
Wajir,2025,f,30,25930.0
Wajir,2025,f,35,22450.0
Wajir,2025,f,40,16826.0
Wajir,2025,f,45,8501.0
Wajir,2025,f,50,7317.0
Wajir,2025,f,55,4097.0
Wajir,2025,f,60,3451.0
Wajir,2025,f,65,1599.0
Wajir,2025,f,70,1298.0
Wajir,2025,f,75,533.0
Wajir,2025,f,80,278.0
Wajir,2025,f,85,266.0
Wajir,2025,f,90,322.0
Wajir,2025,m,00,14753.0
Wajir,2025,m,01,56384.0
Wajir,2025,m,05,75454.0
Wajir,2025,m,10,76939.0
Wajir,2025,m,15,69013.0
Wajir,2025,m,20,43131.0
Wajir,2025,m,25,32804.0
Wajir,2025,m,30,27245.0
Wajir,2025,m,35,21397.0
Wajir,2025,m,40,21262.0
Wajir,2025,m,45,12037.0
Wajir,2025,m,50,12397.0
Wajir,2025,m,55,6322.0
Wajir,2025,m,60,6228.0
Wajir,2025,m,65,2536.0
Wajir,2025,m,70,1829.0
Wajir,2025,m,75,1107.0
Wajir,2025,m,80,427.0
Wajir,2025,m,85,228.0
Wajir,2025,m,90,186.0
WestPokot,2025,f,00,14308.0
WestPokot,2025,f,01,54691.0
WestPokot,2025,f,05,61625.0
WestPokot,2025,f,10,54038.0
WestPokot,2025,f,15,44957.0
WestPokot,2025,f,20,36242.0
WestPokot,2025,f,25,27440.0
WestPokot,2025,f,30,21505.0
WestPokot,2025,f,35,16173.0
WestPokot,2025,f,40,13754.0
WestPokot,2025,f,45,12105.0
WestPokot,2025,f,50,9092.0
WestPokot,2025,f,55,6306.0
WestPokot,2025,f,60,5951.0
WestPokot,2025,f,65,4599.0
WestPokot,2025,f,70,2848.0
WestPokot,2025,f,75,1546.0
WestPokot,2025,f,80,813.0
WestPokot,2025,f,85,448.0
WestPokot,2025,f,90,307.0
WestPokot,2025,m,00,14504.0
WestPokot,2025,m,01,55434.0
WestPokot,2025,m,05,61801.0
WestPokot,2025,m,10,54177.0
WestPokot,2025,m,15,45890.0
WestPokot,2025,m,20,35079.0
WestPokot,2025,m,25,26482.0
WestPokot,2025,m,30,21250.0
WestPokot,2025,m,35,16071.0
WestPokot,2025,m,40,13614.0
WestPokot,2025,m,45,12040.0
WestPokot,2025,m,50,8715.0
WestPokot,2025,m,55,6105.0
WestPokot,2025,m,60,4897.0
WestPokot,2025,m,65,3497.0
WestPokot,2025,m,70,2151.0
WestPokot,2025,m,75,1321.0
WestPokot,2025,m,80,493.0
WestPokot,2025,m,85,188.0
WestPokot,2025,m,90,103.0
